eqpid,description,locationid,status,eqptype,isparent,ischild,parenteqpid,batchidprefix
3RR11TK1,3RR11 Tank 1,S3ETCH,AVAIL,3LRESRM,0,-1,3RR-11,3RR11TK1
3RR11TK2,3RR11 Tank 2,S3ETCH,AVAIL,3LRESRM,0,-1,3RR-11,3RR11TK2
3SDV12C1,3SDV12 Cup1,S3PHOTO,AVAIL,3PRESDVM,0,-1,3SDV-12,3SDV12C1
3SDV12C2,3SDV12 Cup2,S3PHOTO,AVAIL,3PRESDVM,0,-1,3SDV-12,3SDV12C2
3SRC08C1,3SRC08 Cup1,S3PHOTO,AVAIL,3SPINCTM,0,-1,3SRC-08,3SRC08C1
3SRC08C2,3SRC08 Cup2,S3PHOTO,AVAIL,3SPINCTM,0,-1,3SRC-08,3SRC08C2
1SRC03C1,SUSS Spin Coating,SPHOTO,AVAIL,SPSPINCT,0,-1,1SRC-03,1SRC03C1
1SRC03C2,SUSS Spin Coating,SPHOTO,AVAIL,SPSPINCT,0,-1,1SRC-03,1SRC03C2
1SRC03C3,SUSS Spin Coating,SPHOTO,AVAIL,SPSPINCT,0,-1,1SRC-03,1SRC03C3
1SRC03C4,SUSS Spin Coating,SPHOTO,AVAIL,SPSPINCT,0,-1,1SRC-03,1SRC03C4
3CP-01P1,3CP01 LP1,S3PHOTO,AVAIL,3PEXPSEM,0,-1,3CP-01,3CP-01P1
3CP-01P2,3CP01 LP2,S3PHOTO,AVAIL,3PEXPSEM,0,-1,3CP-01,3CP-01P2
3DE-03P2,Dry Etching,S3DRYETCH,AVAIL,3DRYETCH,0,-1,3DE-03,3DE-03P2
3DE-03P3,Dry Etching,S3DRYETCH,AVAIL,3DRYETCH,0,-1,3DE-03,3DE-03P3
3DE-03P4,Dry Etching,S3DRYETCH,AVAIL,3DRYETCH,0,-1,3DE-03,3DE-03P4
3DE-05P2,Dry Etching,S3DRYETCH,AVAIL,3DRYETCH,0,-1,3DE-05,3DE-05P2
3DE-05P3,Dry Etching,S3DRYETCH,AVAIL,3DRYETCH,0,-1,3DE-05,3DE-05P3
3DE-05P4,Dry Etching,S3DRYETCH,AVAIL,3DRYETCH,0,-1,3DE-05,3DE-05P4
3DE05SP6,3DE05 synapse chamb,S3DRYETCH,AVAIL,3DRYTCHM,0,-1,3DE-05,3DE05SP6
3WB01CH1,3WB01 Chamb 1,S3BOND,AVAIL,3WBM,0,-1,3WB-01,3WB01CH1
3WB01CH3,3WB01 Chamb 3,S3BOND,NOWIP,3WBM,0,-1,3WB-01,3WB01CH3
4SRC03C1,SUSS Spin Coating,SPHOTO,AVAIL,SPSPINCT,0,-1,4SRC-03,4SRC03C1
4SRC03C2,SUSS Spin Coating,SPHOTO,AVAIL,SPSPINCT,0,-1,4SRC-03,4SRC03C1
4SRC03C3,SUSS Spin Coating,SPHOTO,AVAIL,SPSPINCT,0,-1,4SRC-03,4SRC03C3
4SRC03C4,SUSS Spin Coating,SPHOTO,AVAIL,SPSPINCT,0,-1,4SRC-03,4SRC03C4
5CP-02P1,5CP02 LP1,S3PHOTO,AVAIL,3PEXPSEM,0,-1,5CP-02,5CP-02P1
5CP-02P2,5CP02 LP2,S3PHOTO,AVAIL,3PEXPSEM,0,-1,5CP-02,5CP-02P2
5DE-04P2,Dry Etching,S3DRYETCH,AVAIL,3DRYETCH,0,-1,5DE-04,5DE-04P2
5DE-04P3,Dry Etching,S3DRYETCH,AVAIL,3DRYETCH,0,-1,5DE-04,5DE-04P3
5DE-04P6,Dry Etching,S3DRYETCH,NOWIP,3DRYETCH,0,-1,5DE-04,5DE-04P6
5DE04SP5,5DE04 synapse chamb,S3DRYETCH,AVAIL,3DRYTCHM,0,-1,5DE-04,5DE04SP5
5P1L1-22,PT SNAG PLATING CHAMBER,S3PLTCHM,AVAIL,3LPLATEC,0,-1,5PT-22,5P1L1-22
5P1L1-23,PT CU WALL PLATING CHAMBER,S3PLTCHM,AVAIL,3LPLATEC,0,-1,5PT-23,5P1L1-23
5P1L1-24,PT CU-TSV PLATING CHAMBER,S3PLTCHM,AVAIL,3LPLATEC,0,-1,5PT-24,5P1L1-24
5P1L2-22,PT SNAG PLATING CHAMBER,S3PLTCHM,AVAIL,3LPLATEC,0,-1,5PT-22,5P1L2-22
5P1L2-23,PT CU WALL PLATING CHAMBER,S3PLTCHM,AVAIL,3LPLATEC,0,-1,5PT-23,5P1L2-23
5P1L2-24,PT CU-TSV PLATING CHAMBER,S3PLTCHM,AVAIL,3LPLATEC,0,-1,5PT-24,5P1L2-24
5P1R1-23,PT CU WALL PLATING CHAMBER,S3PLTCHM,AVAIL,3LPLATEC,0,-1,5PT-23,5P1R1-23
5P1R1-24,PT CU-TSV PLATING CHAMBER,S3PLTCHM,AVAIL,3LPLATEC,0,-1,5PT-24,5P1R1-24
5P1R2-23,PT CU WALL PLATING CHAMBER,S3PLTCHM,AVAIL,3LPLATEC,0,-1,5PT-23,5P1R2-23
5P1R2-24,PT CU-TSV PLATING CHAMBER,S3PLTCHM,AVAIL,3LPLATEC,0,-1,5PT-24,5P1R2-24
5P2L1-22,PT SNAG PLATING CHAMBER,S3PLTCHM,AVAIL,3LPLATEC,0,-1,5PT-22,5P2L1-22
5P2L1-23,PT CU WALL PLATING CHAMBER,S3PLTCHM,AVAIL,3LPLATEC,0,-1,5PT-23,5P2L1-23
5P2L1-24,PT CU-TSV PLATING CHAMBER,S3PLTCHM,AVAIL,3LPLATEC,0,-1,5PT-24,5P2L1-24
5P2L2-23,PT CU WALL PLATING CHAMBER,S3PLTCHM,AVAIL,3LPLATEC,0,-1,5PT-23,5P2L2-23
5P2L2-24,PT CU-TSV PLATING CHAMBER,S3PLTCHM,AVAIL,3LPLATEC,0,-1,5PT-24,5P2L2-24
5P2R1-23,PT CU WALL PLATING CHAMBER,S3PLTCHM,AVAIL,3LPLATEC,0,-1,5PT-23,5P2R1-23
5P2R1-24,PT CU-TSV PLATING CHAMBER,S3PLTCHM,AVAIL,3LPLATEC,0,-1,5PT-24,5P2R1-24
5P2R2-23,PT CU WALL PLATING CHAMBER,S3PLTCHM,AVAIL,3LPLATEC,0,-1,5PT-23,5P2R2-23
5P2R2-24,PT CU-TSV PLATING CHAMBER,S3PLTCHM,AVAIL,3LPLATEC,0,-1,5PT-24,5P2R2-24
5P3L1-23,PT CU WALL PLATING CHAMBER,S3PLTCHM,AVAIL,3LPLATEC,0,-1,5PT-23,5P3L1-23
5P3L2-23,PT CU WALL PLATING CHAMBER,S3PLTCHM,AVAIL,3LPLATEC,0,-1,5PT-23,5P3L2-23
5P3L2-24,PT CU-TSV PLATING CHAMBER,S3PLTCHM,AVAIL,3LPLATEC,0,-1,5PT-24,5P3L2-24
5P3R1-24,PT CU-TSV PLATING CHAMBER,S3PLTCHM,AVAIL,3LPLATEC,0,-1,5PT-24,5P3R1-24
5P3R2-23,PT CU WALL PLATING CHAMBER,S3PLTCHM,AVAIL,3LPLATEC,0,-1,5PT-23,5P3R2-23
5P3R2-24,PT CU-TSV PLATING CHAMBER,S3PLTCHM,AVAIL,3LPLATEC,0,-1,5PT-24,5P3R2-24
5P4L1-23,PT SN PLATING CHAMBER,S3PLTCHM,AVAIL,3LPLATEC,0,-1,5PT-23,5P4L1-23
5P4L1-24,PT CU-TSV PLATING CHAMBER,S3PLTCHM,AVAIL,3LPLATEC,0,-1,5PT-24,5P4L1-24
5P4L2-23,PT SN PLATING CHAMBER,S3PLTCHM,AVAIL,3LPLATEC,0,-1,5PT-23,5P4L2-23
5P4L2-24,PT CU-TSV PLATING CHAMBER,S3PLTCHM,AVAIL,3LPLATEC,0,-1,5PT-24,5P4L2-24
5P4R1-24,PT CU-TSV PLATING CHAMBER,S3PLTCHM,AVAIL,3LPLATEC,0,-1,5PT-24,5P4R1-24
5P4R2-24,PT CU-TSV PLATING CHAMBER,S3PLTCHM,AVAIL,3LPLATEC,0,-1,5PT-24,5P4R2-24
5P5L1-22,PT CU-TSV PLATING CHAMBER,S3PLTCHM,AVAIL,3LPLATEC,0,-1,5PT-22,5P5L1-22
5P5L1-24,PT SNAG PLATING CHAMBER,S3PLTCHM,AVAIL,3LPLATEC,0,-1,5PT-24,5P5L1-24
5P5L2-22,PT CU-TSV PLATING CHAMBER,S3PLTCHM,AVAIL,3LPLATEC,0,-1,5PT-22,5P5L2-22
5P5L2-24,PT SNAG PLATING CHAMBER,S3PLTCHM,AVAIL,3LPLATEC,0,-1,5PT-24,5P5L2-24
5P5R1-23,PT SN PLATING CHAMBER,S3PLTCHM,AVAIL,3LPLATEC,0,-1,5PT-23,5P5R1-23
5P5R1-24,PT SNAG PLATING CHAMBER,S3PLTCHM,AVAIL,3LPLATEC,0,-1,5PT-24,5P5R1-24
5P5R2-23,PT SN PLATING CHAMBER,S3PLTCHM,AVAIL,3LPLATEC,0,-1,5PT-23,5P5R2-23
5P5R2-24,PT SNAG PLATING CHAMBER,S3PLTCHM,AVAIL,3LPLATEC,0,-1,5PT-24,5P5R2-24
5PT-22LL,5PT-22 Left Lane,S3PLTCHM,AVAIL,3LPLATCM,0,-1,5PT-22,5PT-22LL
5PT-22RL,5PT-22 Right Lane,S3PLTCHM,AVAIL,3LPLATCM,0,-1,5PT-22,5PT-22RL
5PT-23LL,5PT-23 Left Lane,S3PLTCHM,AVAIL,3LPLATCM,0,-1,5PT-23,5PT-23LL
5PT-23RL,5PT-23 Right Lane,S3PLTCHM,AVAIL,3LPLATCM,0,-1,5PT-23,5PT-23RL
5PT-24LL,5PT-24 Left Lane,S3PLTCHM,AVAIL,3LPLATCM,0,-1,5PT-24,5PT-24LL
5PT-24RL,5PT-24 Right Lane,S3PLTCHM,AVAIL,3LPLATCM,0,-1,5PT-24,5PT-24RL
5RR12QD1,5RR-12 QRD 1,S3ETCH,AVAIL,3LRESRM,0,-1,5RR-12,5RR12QD1
5RR12QD2,5RR-12 QRD 2,S3ETCH,AVAIL,3LRESRM,0,-1,5RR-12,5RR12QD2
5RR12TK1,5RR12 Tank 1,S3ETCH,AVAIL,3LRESRM,0,-1,5RR-12,5RR12TK1
5RR12TK2,5RR12 Tank 2,S3ETCH,AVAIL,3LRESRM,0,-1,5RR-12,5RR12TK2
5RR13QD1,5RR-13 QRD 1,S3ETCH,AVAIL,3LRESRM,0,-1,5RR-13,5RR13QD1
5RR13QD2,5RR-13 QRD 2,S3ETCH,AVAIL,3LRESRM,0,-1,5RR-13,5RR13QD2
5RR13TK1,5RR13 Tank 1,S3ETCH,AVAIL,3LRESRM,0,-1,5RR-13,5RR13TK1
5RR13TK2,5RR13 Tank 2,S3ETCH,AVAIL,3LRESRM,0,-1,5RR-13,5RR13TK2
5S1L1-22,PT SRD CHAMBER,S3PLTCHM,AVAIL,3LPLATEC,0,-1,5PT-22,5S1L1-22
5S1L1-23,PT SRD CHAMBER,S3PLTCHM,AVAIL,3LPLATEC,0,-1,5PT-23,5S1L1-23
5S1L1-24,PT SRD CHAMBER,S3PLTCHM,AVAIL,3LPLATEC,0,-1,5PT-24,5S1L1-24
5S1L2-22,PT SRM CHAMBER,S3PLTCHM,AVAIL,3LPLATEC,0,-1,5PT-22,5S1L2-22
5S1L2-23,PT SRM CHAMBER,S3PLTCHM,AVAIL,3LPLATEC,0,-1,5PT-23,5S1L2-23
5S1L2-24,PT SRM CHAMBER,S3PLTCHM,AVAIL,3LPLATEC,0,-1,5PT-24,5S1L2-24
5S1L3-22,PT VPW CHAMBER,S3PLTCHM,AVAIL,3LPLATEC,0,-1,5PT-22,5S1L3-22
5S1L3-23,PT VPW CHAMBER,S3PLTCHM,AVAIL,3LPLATEC,0,-1,5PT-23,5S1L3-23
5S1L3-24,PT VPW CHAMBER,S3PLTCHM,AVAIL,3LPLATEC,0,-1,5PT-24,5S1L3-24
5S1R1-22,PT SRD CHAMBER,S3PLTCHM,AVAIL,3LPLATEC,0,-1,5PT-22,5S1R1-22
5S1R1-23,PT SRD CHAMBER,S3PLTCHM,AVAIL,3LPLATEC,0,-1,5PT-23,5S1R1-23
5S1R1-24,PT SRD CHAMBER,S3PLTCHM,AVAIL,3LPLATEC,0,-1,5PT-24,5S1R1-24
5S1R2-22,PT SRM CHAMBER,S3PLTCHM,AVAIL,3LPLATEC,0,-1,5PT-22,5S1R2-22
5S1R2-23,PT SRM CHAMBER,S3PLTCHM,AVAIL,3LPLATEC,0,-1,5PT-23,5S1R2-23
5S1R2-24,PT SRM CHAMBER,S3PLTCHM,AVAIL,3LPLATEC,0,-1,5PT-24,5S1R2-24
5S1R3-22,PT VPW CHAMBER,S3PLTCHM,AVAIL,3LPLATEC,0,-1,5PT-22,5S1R3-22
5S1R3-23,PT VPW CHAMBER,S3PLTCHM,AVAIL,3LPLATEC,0,-1,5PT-23,5S1R3-23
5S1R3-24,PT VPW CHAMBER,S3PLTCHM,AVAIL,3LPLATEC,0,-1,5PT-24,5S1R3-24
5SDV13C1,5SDV13 Cup1,S3PHOTO,AVAIL,3PRESDVM,0,-1,5SDV-13,5SDV13C1
5SDV13C2,5SDV13 Cup2,S3PHOTO,AVAIL,3PRESDVM,0,-1,5SDV-13,5SDV13C2
5SPT30P1,5SPT30 LP1,S3SPUT,AVAIL,3SSPTTEM,0,-1,5SPT-30,5SPT30P1
5SPT30P2,5SPT30 LP2,S3SPUT,AVAIL,3SSPTTEM,0,-1,5SPT-30,5SPT30P2
5SPT30P3,5SPT30 LP3,S3SPUT,AVAIL,3SSPTTEM,0,-1,5SPT-30,5SPT30P3
5SPT31P1,5SPT31 LP1,S3SPUT,AVAIL,3SSPTTEM,0,-1,5SPT-31,5SPT31P1
5SPT31P2,5SPT31 LP2,S3SPUT,AVAIL,3SSPTTEM,0,-1,5SPT-31,5SPT31P2
5SPT31P3,5SPT31 LP3,S3SPUT,AVAIL,3SSPTTEM,0,-1,5SPT-31,5SPT31P3
5SRC09C1,5SRC09 Cup1,S3PHOTO,AVAIL,3SPINCTM,0,-1,5SRC-09,5SRC09C1
5SRC09C2,5SRC09 Cup2,S3PHOTO,AVAIL,3SPINCTM,0,-1,5SRC-09,5SRC09C2
5WB03CH1,5WB03 Chamb 1,S3BOND,NOWIP,3WBM,0,-1,5WB-03,5WB03CH1
5WB03CH2,5WB03 Chamb 2,S3BOND,NOWIP,3WBM,0,-1,5WB-03,5WB03CH2
5WB03CH3,5WB03 Chamb 3,S3BOND,NOWIP,3WBM,0,-1,5WB-03,5WB03CH3
5WB03CH4,5WB03 Chamb 4,S3BOND,NOWIP,3WBM,0,-1,5WB-03,5WB03CH4
DV01CP01,TempSlot11-Cool,SPHOTO,NOWIP,SPCRDEV,0,-1,1SDV-01,DV01CP01
DV01CP02,TempSlot12-Cool,SPHOTO,NOWIP,SPCRDEV,0,-1,1SDV-01,DV01CP02
DV01CP03,TempSlot13-Cool,SPHOTO,NOWIP,SPCRDEV,0,-1,1SDV-01,DV01CP03
DV01CP04,TempSlot14-Cool,SPHOTO,NOWIP,SPCRDEV,0,-1,1SDV-01,DV01CP04
DV01DE01,SpinDE1,SPHOTO,NOWIP,SPCRDEV,0,-1,1SDV-01,DV01DE01
DV01DE02,SpinDE2,SPHOTO,NOWIP,SPCRDEV,0,-1,1SDV-01,DV01DE02
DV01DE03,SpinDE3,SPHOTO,NOWIP,SPCRDEV,0,-1,1SDV-01,DV01DE03
DV01DE04,SpinDE4,SPHOTO,NOWIP,SPCRDEV,0,-1,1SDV-01,DV01DE04
DV01HP01,TempSlot15-Hot,SPHOTO,NOWIP,SPCRDEV,0,-1,1SDV-01,DV01HP01
DV01HP02,TempSlot16-Hot,SPHOTO,NOWIP,SPCRDEV,0,-1,1SDV-01,DV01HP02
DV01HP03,TempSlot17-Hot,SPHOTO,NOWIP,SPCRDEV,0,-1,1SDV-01,DV01HP03
DV01HP04,TMSSlot11-Hot,SPHOTO,NOWIP,SPCRDEV,0,-1,1SDV-01,DV01HP04
DV01HP05,TMSSlot12-Hot,SPHOTO,AVAIL,SPCRDEV,0,-1,1SDV-01,DV01HP05
DV01HP06,TMSSlot21-Hot,SPHOTO,NOWIP,SPCRDEV,0,-1,1SDV-01,DV01HP06
DV01HP07,TMSSlot22-Hot,SPHOTO,NOWIP,SPCRDEV,0,-1,1SDV-01,DV01HP07
DV04CP01,TempSlot11-Cool,SUBUNITS,AVAIL,SPRESDEV,0,-1,4SDV-04,DV04CP01
DV04CP02,TempSlot12-Cool,SUBUNITS,NOWIP,SPRESDEV,0,-1,4SDV-04,DV04CP02
DV04CP03,TempSlot13-Cool,SUBUNITS,NOWIP,SPRESDEV,0,-1,4SDV-04,DV04CP03
DV04CP04,TempSlot14-Cool,SUBUNITS,NOWIP,SPRESDEV,0,-1,4SDV-04,DV04CP04
DV04DE01,SpinDE1,SUBUNITS,AVAIL,SPRESDEV,0,-1,4SDV-04,DV04DE01
DV04DE02,SpinDE2,SUBUNITS,NOWIP,SPRESDEV,0,-1,4SDV-04,DV04DE02
DV04DE03,SpinDE3,SUBUNITS,AVAIL,SPRESDEV,0,-1,4SDV-04,DV04DE03
DV04DE04,SpinDE4,SUBUNITS,AVAIL,SPRESDEV,0,-1,4SDV-04,DV04DE04
DV04HP01,TempSlot15-Hot,SUBUNITS,NOWIP,SPRESDEV,0,-1,4SDV-04,DV04HP01
DV04HP02,TempSlot16-Hot,SUBUNITS,NOWIP,SPRESDEV,0,-1,4SDV-04,DV04HP02
DV04HP03,TempSlot17-Hot,SUBUNITS,NOWIP,SPRESDEV,0,-1,4SDV-04,DV04HP03
DV04HP04,TMSSlot11-Hot,SUBUNITS,NOWIP,SPRESDEV,0,-1,4SDV-04,DV04HP04
DV04HP05,TMSSlot12-Hot,SUBUNITS,NOWIP,SPRESDEV,0,-1,4SDV-04,DV04HP05
DV04HP06,TMSSlot21-Hot,SUBUNITS,AVAIL,SPRESDEV,0,-1,4SDV-04,DV04HP06
DV04HP07,TMSSlot22-Hot,SUBUNITS,AVAIL,SPRESDEV,0,-1,4SDV-04,DV04HP07
DV05CP01,TempSlot11-Cool,SUBUNITS,NOWIP,SPRESDEV,0,-1,4SDV-05,DV05CP01
DV05CP02,TempSlot12-Cool,SUBUNITS,NOWIP,SPRESDEV,0,-1,4SDV-05,DV05CP02
DV05CP03,TempSlot13-Cool,SUBUNITS,NOWIP,SPRESDEV,0,-1,4SDV-05,DV05CP03
DV05CP04,TempSlot14-Cool,SUBUNITS,AVAIL,SPRESDEV,0,-1,4SDV-05,DV05CP04
DV05DE01,SpinDE1,SUBUNITS,AVAIL,SPRESDEV,0,-1,4SDV-05,DV05DE01
DV05DE02,SpinDE2,SUBUNITS,AVAIL,SPRESDEV,0,-1,4SDV-05,DV05DE02
DV05DE03,SpinDE3,SUBUNITS,NOWIP,SPRESDEV,0,-1,4SDV-05,DV05DE03
DV05DE04,SpinDE4,SUBUNITS,AVAIL,SPRESDEV,0,-1,4SDV-05,DV05DE04
DV05HP01,TempSlot15-Hot,SUBUNITS,NOWIP,SPRESDEV,0,-1,4SDV-05,DV05HP01
DV05HP02,TempSlot16-Hot,SUBUNITS,AVAIL,SPRESDEV,0,-1,4SDV-05,DV05HP02
DV05HP03,TempSlot17-Hot,SUBUNITS,NOWIP,SPRESDEV,0,-1,4SDV-05,DV05HP03
DV05HP04,TMSSlot11-Hot,SUBUNITS,NOWIP,SPRESDEV,0,-1,4SDV-05,DV05HP04
DV05HP05,TMSSlot12-Hot,SUBUNITS,AVAIL,SPRESDEV,0,-1,4SDV-05,DV05HP05
DV05HP06,TMSSlot21-Hot,SUBUNITS,AVAIL,SPRESDEV,0,-1,4SDV-05,DV05HP06
DV05HP07,TMSSlot22-Hot,SUBUNITS,NOWIP,SPRESDEV,0,-1,4SDV-05,DV05HP07
DV07CP01,TempSlot11-Cool,SUBUNITS,NOWIP,SPCRDEV,0,-1,4SDV-07,DV07CP01
DV07CP02,TempSlot12-Cool,SUBUNITS,NOWIP,SPCRDEV,0,-1,4SDV-07,DV07CP02
DV07CP03,TempSlot13-Cool,SUBUNITS,NOWIP,SPCRDEV,0,-1,4SDV-07,DV07CP03
DV07CP04,TempSlot14-Cool,SUBUNITS,NOWIP,SPCRDEV,0,-1,4SDV-07,DV07CP04
DV07DE01,SpinDE1,SUBUNITS,NOWIP,SPCRDEV,0,-1,4SDV-07,DV07DE01
DV07DE02,SpinDE2,SUBUNITS,NOWIP,SPCRDEV,0,-1,4SDV-07,DV07DE02
DV07DE03,SpinDE3,SUBUNITS,NOWIP,SPCRDEV,0,-1,4SDV-07,DV07DE03
DV07DE04,SpinDE4,SUBUNITS,NOWIP,SPCRDEV,0,-1,4SDV-07,DV07DE04
DV07HP01,TempSlot15-Hot,SUBUNITS,NOWIP,SPCRDEV,0,-1,4SDV-07,DV07HP01
DV07HP02,TempSlot16-Hot,SUBUNITS,NOWIP,SPCRDEV,0,-1,4SDV-07,DV07HP02
DV07HP03,TempSlot17-Hot,SUBUNITS,NOWIP,SPCRDEV,0,-1,4SDV-07,DV07HP03
DV07HP04,TMSSlot11-Hot,SUBUNITS,NOWIP,SPCRDEV,0,-1,4SDV-07,DV07HP04
DV07HP05,TMSSlot12-Hot,SUBUNITS,NOWIP,SPCRDEV,0,-1,4SDV-07,DV07HP05
DV07HP06,TMSSlot21-Hot,SUBUNITS,NOWIP,SPCRDEV,0,-1,4SDV-07,DV07HP06
DV07HP07,TMSSlot22-Hot,SUBUNITS,NOWIP,SPCRDEV,0,-1,4SDV-07,DV07HP07
DV07HP08,HPlate08,SUB_PHOTO,NOWIP,SPCRDEV,0,-1,2FDV-07,DV07HP08
DV08CP01,TempSlot11-Cool,SUBUNITS,NOWIP,SPRESDEV,0,-1,4SDV-08,DV08CP01
DV08CP02,TempSlot12-Cool,SUBUNITS,NOWIP,SPRESDEV,0,-1,4SDV-08,DV08CP02
DV08CP03,TempSlot13-Cool,SUBUNITS,AVAIL,SPRESDEV,0,-1,4SDV-08,DV08CP03
DV08CP04,TempSlot14-Cool,SUBUNITS,NOWIP,SPRESDEV,0,-1,4SDV-08,DV08CP04
DV08DE01,SpinDE1,SUBUNITS,AVAIL,SPRESDEV,0,-1,4SDV-08,DV08DE01
DV08DE02,SpinDE2,SUBUNITS,NOWIP,SPRESDEV,0,-1,4SDV-08,DV08DE02
DV08DE03,SpinDE3,SUBUNITS,NOWIP,SPRESDEV,0,-1,4SDV-08,DV08DE03
DV08DE04,SpinDE4,SUBUNITS,AVAIL,SPRESDEV,0,-1,4SDV-08,DV08DE04
DV08HP01,TempSlot15-Hot,SUBUNITS,NOWIP,SPRESDEV,0,-1,4SDV-08,DV08HP01
DV08HP02,TempSlot16-Hot,SUBUNITS,AVAIL,SPRESDEV,0,-1,4SDV-08,DV08HP02
DV08HP03,TempSlot17-Hot,SUBUNITS,NOWIP,SPRESDEV,0,-1,4SDV-08,DV08HP03
DV08HP04,TMSSlot11-Hot,SUBUNITS,AVAIL,SPRESDEV,0,-1,4SDV-08,DV08HP04
DV08HP05,TMSSlot12-Hot,SUBUNITS,AVAIL,SPRESDEV,0,-1,4SDV-08,DV08HP05
DV08HP06,TMSSlot21-Hot,SUBUNITS,NOWIP,SPRESDEV,0,-1,4SDV-08,DV08HP06
DV08HP07,TMSSlot22-Hot,SUBUNITS,NOWIP,SPRESDEV,0,-1,4SDV-08,DV08HP07
DV08HP08,HPlate08,SUB_PHOTO,NOWIP,SPCRDEV,0,-1,2FDV-08,DV08HP08
DV12CP01,TempSlot11-Cool,SUBUNITS,NOWIP,3PRESDEV,0,-1,3SDV-12,DV12CP01
DV12CP02,TempSlot12-Cool,SUBUNITS,NOWIP,3PRESDEV,0,-1,3SDV-12,DV12CP02
DV12CP03,TempSlot13-Cool,SUBUNITS,NOWIP,3PRESDEV,0,-1,3SDV-12,DV12CP03
DV12DE01,SpinDE1,SUBUNITS,NOWIP,3PRESDEV,0,-1,3SDV-12,DV12DE01
DV12DE02,SpinDE2,SUBUNITS,NOWIP,3PRESDEV,0,-1,3SDV-12,DV12DE02
DV12HP01,TempSlot14-Hot,SUBUNITS,NOWIP,3PRESDEV,0,-1,3SDV-12,DV12HP01
DV12HP02,TempSlot15-Hot,SUBUNITS,NOWIP,3PRESDEV,0,-1,3SDV-12,DV12HP02
DV12HP03,TempSlot16-Hot,SUBUNITS,NOWIP,3PRESDEV,0,-1,3SDV-12,DV12HP03
DV12HP04,TempSlot17-Hot,SUBUNITS,NOWIP,3PRESDEV,0,-1,3SDV-12,DV12HP04
DV12HP05,TMSSlot11-Hot,SUBUNITS,NOWIP,3PRESDEV,0,-1,3SDV-12,DV12HP05
DV12HP06,TMSSlot12-Hot,SUBUNITS,NOWIP,3PRESDEV,0,-1,3SDV-12,DV12HP06
DV12HP07,TMSSlot13-Hot,SUBUNITS,NOWIP,3PRESDEV,0,-1,3SDV-12,DV12HP07
DV12HP08,TMSSlot21-Hot,SUBUNITS,NOWIP,3PRESDEV,0,-1,3SDV-12,DV12HP08
DV12HP09,TMSSlot22-Hot,SUBUNITS,NOWIP,3PRESDEV,0,-1,3SDV-12,DV12HP09
DV12HP10,TMSSlot23-Hot,SUBUNITS,NOWIP,3PRESDEV,0,-1,3SDV-12,DV12HP10
DV13CP01,TempSlot11-Cool,SUBUNITS,NOWIP,3PRESDEV,0,-1,5SDV-13,DV13CP01
DV13CP02,TempSlot12-Cool,SUBUNITS,NOWIP,3PRESDEV,0,-1,5SDV-13,DV13CP02
DV13CP03,TempSlot13-Cool,SUBUNITS,NOWIP,3PRESDEV,0,-1,5SDV-13,DV13CP03
DV13DE01,SpinDE1,SUBUNITS,AVAIL,3PRESDEV,0,-1,5SDV-13,DV13DE01
DV13DE02,SpinDE2,SUBUNITS,AVAIL,3PRESDEV,0,-1,5SDV-13,DV13DE02
DV13HP01,TempSlot14-Hot,SUBUNITS,AVAIL,3PRESDEV,0,-1,5SDV-13,DV13HP01
DV13HP02,TempSlot15-Hot,SUBUNITS,NOWIP,3PRESDEV,0,-1,5SDV-13,DV13HP02
DV13HP03,TempSlot16-Hot,SUBUNITS,NOWIP,3PRESDEV,0,-1,5SDV-13,DV13HP03
DV13HP04,TempSlot17-Hot,SUBUNITS,NOWIP,3PRESDEV,0,-1,5SDV-13,DV13HP04
DV13HP05,TMSSlot11-Hot,SUBUNITS,NOWIP,3PRESDEV,0,-1,5SDV-13,DV13HP05
DV13HP06,TMSSlot12-Hot,SUBUNITS,NOWIP,3PRESDEV,0,-1,5SDV-13,DV13HP06
DV13HP07,TMSSlot13-Hot,SUBUNITS,NOWIP,3PRESDEV,0,-1,5SDV-13,DV13HP07
DV13HP08,TMSSlot21-Hot,SUBUNITS,NOWIP,3PRESDEV,0,-1,5SDV-13,DV13HP08
DV13HP09,TMSSlot22-Hot,SUBUNITS,NOWIP,3PRESDEV,0,-1,5SDV-13,DV13HP09
DV13HP10,TMSSlot23-Hot,SUBUNITS,NOWIP,3PRESDEV,0,-1,5SDV-13,DV13HP10
RR11B06,Bath6,SUBUNITS,NOWIP,3LRESROM,0,-1,3RR-11,RR11B06
RR12B01,Bath-01 - Process - EMK9600,SUBUNITS,NOWIP,3LRESROM,0,-1,5RR-12,RR12B01
RR12B02,Bath-02 - Process - EMK9600,SUBUNITS,NOWIP,3LRESROM,0,-1,5RR-12,RR12B02
RR12B04,Bath-04 - QDR,SUBUNITS,NOWIP,3LRESROM,0,-1,5RR-12,RR12B04
RR12B05,Bath-05 - QDR,SUBUNITS,NOWIP,3LRESROM,0,-1,5RR-12,RR12B05
RR12B06,Bath-06 - FR,SUBUNITS,NOWIP,3LRESROM,0,-1,5RR-12,RR12B06
RR13B01,Bath-01 - Process - EMK9600,SUBUNITS,NOWIP,3LRESROM,0,-1,5RR-13,RR13B01
RR13B02,Bath-02 - Process - EMK9600,SUBUNITS,NOWIP,3LRESROM,0,-1,5RR-13,RR13B02
RR13B04,Bath-04 - QDR,SUBUNITS,NOWIP,3LRESROM,0,-1,5RR-13,RR13B04
RR13B05,Bath-05 - QDR,SUBUNITS,NOWIP,3LRESROM,0,-1,5RR-13,RR13B05
RR13B06,Bath-06 - FR,SUBUNITS,NOWIP,3LRESROM,0,-1,5RR-13,RR13B06
PEB09C01,TempSlot21-Cool,SUBUNITS,NOWIP,SPBAKE,0,-1,1PEB-09,PEB09C01
PEB09C02,TempSlot31-Cool,SUBUNITS,NOWIP,SPBAKE,0,-1,1PEB-09,PEB09C02
PEB09H01,TempSlot11-Hot,SUBUNITS,NOWIP,SPBAKE,0,-1,1PEB-09,PEB09H01
PEB09H02,TempSlot12-Hot,SUBUNITS,NOWIP,SPBAKE,0,-1,1PEB-09,PEB09H02
PEB09H03,TempSlot13-Hot,SUBUNITS,NOWIP,SPBAKE,0,-1,1PEB-09,PEB09H03
PEB09H04,TempSlot14-Hot,SUBUNITS,NOWIP,SPBAKE,0,-1,1PEB-09,PEB09H04
PEB09H05,TempSlot15-Hot,SUBUNITS,NOWIP,SPBAKE,0,-1,1PEB-09,PEB09H05
PEB09H06,TempSlot16-Hot,SUBUNITS,NOWIP,SPBAKE,0,-1,1PEB-09,PEB09H06
PEB09H07,TempSlot17-Hot,SUBUNITS,NOWIP,SPBAKE,0,-1,1PEB-09,PEB09H07
PEB09H08,TempSlot22-Hot,SUBUNITS,NOWIP,SPBAKE,0,-1,1PEB-09,PEB09H08
PEB09H09,TempSlot23-Hot,SUBUNITS,NOWIP,SPBAKE,0,-1,1PEB-09,PEB09H09
PEB09H10,TempSlot24-Hot,SUBUNITS,NOWIP,SPBAKE,0,-1,1PEB-09,PEB09H10
PEB09H11,TempSlot25-Hot,SUBUNITS,NOWIP,SPBAKE,0,-1,1PEB-09,PEB09H11
PEB09H12,TempSlot26-Hot,SUBUNITS,NOWIP,SPBAKE,0,-1,1PEB-09,PEB09H12
PEB09H13,TempSlot27-Hot,SUBUNITS,NOWIP,SPBAKE,0,-1,1PEB-09,PEB09H13
PEB09H14,TempSlot32-Hot,SUBUNITS,NOWIP,SPBAKE,0,-1,1PEB-09,PEB09H14
PEB09H15,TempSlot33-Hot,SUBUNITS,NOWIP,SPBAKE,0,-1,1PEB-09,PEB09H15
PEB09H16,TempSlot34-Hot,SUBUNITS,NOWIP,SPBAKE,0,-1,1PEB-09,PEB09H16
PEB09H17,TempSlot35-Hot,SUBUNITS,NOWIP,SPBAKE,0,-1,1PEB-09,PEB09H17
PEB09H18,TempSlot36-Hot,SUBUNITS,NOWIP,SPBAKE,0,-1,1PEB-09,PEB09H18
PEB09H19,TempSlot37-Hot,SUBUNITS,NOWIP,SPBAKE,0,-1,1PEB-09,PEB09H19
RC01CO01,SpinCO1,SPHOTO,AVAIL,SPSPIRCT,0,-1,4SRC-01,RC01CO01
RC01CO02,SpinCO2,SPHOTO,AVAIL,SPSPIRCT,0,-1,4SRC-01,RC01CO02
RC01CO03,SpinCO3,SPHOTO,NOWIP,SPSPIRCT,0,-1,4SRC-01,RC01CO03
RC01CO04,SpinCO4,SPHOTO,NOWIP,SPSPIRCT,0,-1,4SRC-01,RC01CO04
RC01HP01,TMSSlot11-Hot,SPHOTO,AVAIL,SPSPIRCT,0,-1,4SRC-01,RC01HP01
RC01HP02,TMSSlot12-Hot,SPHOTO,AVAIL,SPSPIRCT,0,-1,4SRC-01,RC01HP02
RC01HP03,TMSSlot13-Hot,SPHOTO,AVAIL,SPSPIRCT,0,-1,4SRC-01,RC01HP03
RC01HP04,TempSlot14-Hot,SPHOTO,AVAIL,SPSPIRCT,0,-1,4SRC-01,RC01HP04
RC01HP05,TempSlot15-Hot,SPHOTO,NOWIP,SPSPIRCT,0,-1,4SRC-01,RC01HP05
RC01HP06,TempSlot16-Hot,SPHOTO,NOWIP,SPSPIRCT,0,-1,4SRC-01,RC01HP06
RC01HP07,TempSlot17-Hot,SPHOTO,NOWIP,SPSPIRCT,0,-1,4SRC-01,RC01HP07
RC01HP08,TempSlot11-Hot,SPHOTO,NOWIP,SPSPIRCT,0,-1,4SRC-01,RC01HP08
RC01HP09,TempSlot12-Hot,SPHOTO,AVAIL,SPSPIRCT,0,-1,4SRC-01,RC01HP09
RC01HP10,TempSlot13-Hot,SPHOTO,NOWIP,SPSPIRCT,0,-1,4SRC-01,RC01HP10
RC01HP11,TMSSlot21-Hot,SPHOTO,AVAIL,SPSPIRCT,0,-1,4SRC-01,RC01HP11
RC01HP12,TMSSlot22-Hot,SPHOTO,AVAIL,SPSPIRCT,0,-1,4SRC-01,RC01HP12
RC01HP13,TMSSlot23-Hot,SPHOTO,NOWIP,SPSPIRCT,0,-1,4SRC-01,RC01HP13
RC01HP14,TMSSlot31-Hot,SPHOTO,NOWIP,SPSPIRCT,0,-1,4SRC-01,RC01HP14
RC01HP15,TMSSlot32-Hot,SPHOTO,AVAIL,SPSPIRCT,0,-1,4SRC-01,RC01HP15
RC01HP16,TMSSlot33-Hot,SPHOTO,AVAIL,SPSPIRCT,0,-1,4SRC-01,RC01HP16
RC01HP17,TMSSlot41-Hot,SPHOTO,NOWIP,SPSPIRCT,0,-1,4SRC-01,RC01HP17
RC01HP18,TMSSlot42-Hot,SPHOTO,AVAIL,SPSPIRCT,0,-1,4SRC-01,RC01HP18
RC01HP19,TMSSlot43-Hot,SPHOTO,AVAIL,SPSPIRCT,0,-1,4SRC-01,RC01HP19
RC02CO01,SpinCO1,SUBUNITS,NOWIP,SPSPINCT,0,-1,4SRC-02,RC02CO01
RC02CO02,SpinCO2,SUBUNITS,NOWIP,SPSPINCT,0,-1,4SRC-02,RC02CO02
RC02CO03,SpinCO3,SUBUNITS,NOWIP,SPSPINCT,0,-1,4SRC-02,RC02CO03
RC02CO04,SpinCO4,SUBUNITS,AVAIL,SPSPINCT,0,-1,4SRC-02,RC02CO04
RC02HP01,TMSSlot11-Hot,SUBUNITS,AVAIL,SPSPINCT,0,-1,4SRC-02,RC02HP01
RC02HP02,TMSSlot12-Hot,SUBUNITS,NOWIP,SPSPINCT,0,-1,4SRC-02,RC02HP02
RC02HP03,TMSSlot13-Hot,SUBUNITS,NOWIP,SPSPINCT,0,-1,4SRC-02,RC02HP03
RC02HP04,TempSlot14-Hot,SUBUNITS,NOWIP,SPSPINCT,0,-1,4SRC-02,RC02HP04
RC02HP05,TempSlot15-Hot,SUBUNITS,NOWIP,SPSPINCT,0,-1,4SRC-02,RC02HP05
RC02HP06,TempSlot16-Hot,SUBUNITS,NOWIP,SPSPINCT,0,-1,4SRC-02,RC02HP06
RC02HP07,TempSlot17-Hot,SUBUNITS,AVAIL,SPSPINCT,0,-1,4SRC-02,RC02HP07
RC02HP08,TempSlot11-Hot,SUBUNITS,AVAIL,SPSPINCT,0,-1,4SRC-02,RC02HP08
RC02HP09,TempSlot12-Hot,SUBUNITS,NOWIP,SPSPINCT,0,-1,4SRC-02,RC02HP09
RC02HP10,TempSlot13-Hot,SUBUNITS,AVAIL,SPSPINCT,0,-1,4SRC-02,RC02HP10
RC02HP11,TMSSlot21-Hot,SUBUNITS,NOWIP,SPSPINCT,0,-1,4SRC-02,RC02HP11
RC02HP12,TMSSlot22-Hot,SUBUNITS,AVAIL,SPSPINCT,0,-1,4SRC-02,RC02HP12
RC02HP13,TMSSlot23-Hot,SUBUNITS,AVAIL,SPSPINCT,0,-1,4SRC-02,RC02HP13
RC02HP14,TMSSlot31-Hot,SUBUNITS,NOWIP,SPSPINCT,0,-1,4SRC-02,RC02HP14
RC02HP15,TMSSlot32-Hot,SUBUNITS,AVAIL,SPSPINCT,0,-1,4SRC-02,RC02HP15
RC02HP16,TMSSlot33-Hot,SUBUNITS,AVAIL,SPSPINCT,0,-1,4SRC-02,RC02HP16
RC02HP17,TMSSlot41-Hot,SUBUNITS,NOWIP,SPSPINCT,0,-1,4SRC-02,RC02HP17
RC02HP18,TMSSlot42-Hot,SUBUNITS,AVAIL,SPSPINCT,0,-1,4SRC-02,RC02HP18
RC02HP19,TMSSlot43-Hot,SUBUNITS,NOWIP,SPSPINCT,0,-1,4SRC-02,RC02HP19
RC03CO01,SpinCO1,SUBUNITS,NOWIP,SPSPINCT,0,-1,4SRC-03,RC03CO01
RC03CO03,SpinCO3,SUBUNITS,NOWIP,SPSPINCT,0,-1,4SRC-03,RC03CO03
RC03CO04,SpinCO4,SUBUNITS,NOWIP,SPSPINCT,0,-1,4SRC-03,RC03CO04
RC03HP02,TMSSlot12-Hot,SUBUNITS,NOWIP,SPSPINCT,0,-1,4SRC-03,RC03HP02
RC03HP03,TMSSlot13-Hot,SUBUNITS,NOWIP,SPSPINCT,0,-1,4SRC-03,RC03HP03
RC03HP04,TempSlot14-Hot,SUBUNITS,NOWIP,SPSPINCT,0,-1,4SRC-03,RC03HP04
RC03HP05,TempSlot15-Hot,SUBUNITS,NOWIP,SPSPINCT,0,-1,4SRC-03,RC03HP05
RC03HP06,TempSlot16-Hot,SUBUNITS,NOWIP,SPSPINCT,0,-1,4SRC-03,RC03HP06
RC03HP07,TempSlot17-Hot,SUBUNITS,NOWIP,SPSPINCT,0,-1,4SRC-03,RC03HP07
RC03HP09,TempSlot12-Hot,SUBUNITS,NOWIP,SPSPINCT,0,-1,4SRC-03,RC03HP09
RC03HP10,TempSlot13-Hot,SUBUNITS,NOWIP,SPSPINCT,0,-1,4SRC-03,RC03HP10
RC03HP11,TMSSlot21-Hot,SUBUNITS,NOWIP,SPSPINCT,0,-1,4SRC-03,RC03HP11
RC03HP12,TMSSlot22-Hot,SUBUNITS,NOWIP,SPSPINCT,0,-1,4SRC-03,RC03HP12
RC03HP13,TMSSlot23-Hot,SUBUNITS,NOWIP,SPSPINCT,0,-1,4SRC-03,RC03HP13
RC03HP14,TMSSlot31-Hot,SUBUNITS,NOWIP,SPSPINCT,0,-1,4SRC-03,RC03HP14
RC03HP15,TMSSlot32-Hot,SUBUNITS,NOWIP,SPSPINCT,0,-1,4SRC-03,RC03HP15
RC03HP16,TMSSlot33-Hot,SUBUNITS,NOWIP,SPSPINCT,0,-1,4SRC-03,RC03HP16
RC03HP17,TMSSlot41-Hot,SUBUNITS,NOWIP,SPSPINCT,0,-1,4SRC-03,RC03HP17
RC03HP18,TMSSlot42-Hot,SUBUNITS,NOWIP,SPSPINCT,0,-1,4SRC-03,RC03HP18
RC03HP19,TMSSlot43-Hot,SUBUNITS,NOWIP,SPSPINCT,0,-1,4SRC-03,RC03HP19
RC04CO01,SpinCO1,SUBUNITS,AVAIL,SPSPIRCT,0,-1,4SRC-04,RC04CO01
RC04CO02,SpinCO2,SUBUNITS,AVAIL,SPSPIRCT,0,-1,4SRC-04,RC04CO02
RC04CO04,SpinCO4,SUBUNITS,AVAIL,SPSPIRCT,0,-1,4SRC-04,RC04CO04
RC04HP01,TMSSlot11-Hot,SUBUNITS,AVAIL,SPSPIRCT,0,-1,4SRC-04,RC04HP01
RC04HP02,TMSSlot12-Hot,SUBUNITS,AVAIL,SPSPIRCT,0,-1,4SRC-04,RC04HP02
RC04HP03,TMSSlot13-Hot,SUBUNITS,AVAIL,SPSPIRCT,0,-1,4SRC-04,RC04HP03
RC04HP04,TempSlot14-Hot,SUBUNITS,NOWIP,SPSPIRCT,0,-1,4SRC-04,RC04HP04
RC04HP05,TempSlot15-Hot,SUBUNITS,NOWIP,SPSPIRCT,0,-1,4SRC-04,RC04HP05
RC04HP06,TempSlot16-Hot,SUBUNITS,AVAIL,SPSPIRCT,0,-1,4SRC-04,RC04HP06
RC04HP08,TempSlot11-Hot,SUBUNITS,NOWIP,SPSPIRCT,0,-1,4SRC-04,RC04HP08
RC04HP09,TempSlot12-Hot,SUBUNITS,AVAIL,SPSPIRCT,0,-1,4SRC-04,RC04HP09
RC04HP10,TempSlot13-Hot,SUBUNITS,NOWIP,SPSPIRCT,0,-1,4SRC-04,RC04HP10
RC04HP11,TMSSlot21-Hot,SUBUNITS,AVAIL,SPSPIRCT,0,-1,4SRC-04,RC04HP11
RC04HP13,TMSSlot23-Hot,SUBUNITS,AVAIL,SPSPIRCT,0,-1,4SRC-04,RC04HP13
RC04HP15,TMSSlot32-Hot,SUBUNITS,AVAIL,SPSPIRCT,0,-1,4SRC-04,RC04HP15
RC04HP16,TMSSlot33-Hot,SUBUNITS,NOWIP,SPSPIRCT,0,-1,4SRC-04,RC04HP16
RC04HP17,TMSSlot41-Hot,SUBUNITS,AVAIL,SPSPIRCT,0,-1,4SRC-04,RC04HP17
RC04HP18,TMSSlot42-Hot,SUBUNITS,NOWIP,SPSPIRCT,0,-1,4SRC-04,RC04HP18
RC04HP19,TMSSlot43-Hot,SUBUNITS,AVAIL,SPSPIRCT,0,-1,4SRC-04,RC04HP19
RC06CO01,SpinCO1,SUBUNITS,AVAIL,SPSPINCT,0,-1,4SRC-06,RC06CO01
RC06CO02,SpinCO2,SUBUNITS,NOWIP,SPSPINCT,0,-1,4SRC-06,RC06CO02
RC06CO03,SpinCO3,SUBUNITS,AVAIL,SPSPINCT,0,-1,4SRC-06,RC06CO03
RC06CO04,SpinCO4,SUBUNITS,NOWIP,SPSPINCT,0,-1,4SRC-06,RC06CO04
RC06HP01,TMSSlot11-Hot,SUBUNITS,NOWIP,SPSPINCT,0,-1,4SRC-06,RC06HP01
RC06HP02,TMSSlot12-Hot,SUBUNITS,NOWIP,SPSPINCT,0,-1,4SRC-06,RC06HP02
RC06HP03,TMSSlot13-Hot,SUBUNITS,NOWIP,SPSPINCT,0,-1,4SRC-06,RC06HP03
RC06HP04,TempSlot14-Hot,SUBUNITS,NOWIP,SPSPINCT,0,-1,4SRC-06,RC06HP04
RC06HP05,TempSlot15-Hot,SUBUNITS,AVAIL,SPSPINCT,0,-1,4SRC-06,RC06HP05
RC06HP06,TempSlot16-Hot,SUBUNITS,AVAIL,SPSPINCT,0,-1,4SRC-06,RC06HP06
RC06HP07,TempSlot17-Hot,SUBUNITS,NOWIP,SPSPINCT,0,-1,4SRC-06,RC06HP07
RC06HP08,TempSlot11-Hot,SUBUNITS,NOWIP,SPSPINCT,0,-1,4SRC-06,RC06HP08
RC06HP09,TempSlot12-Hot,SUBUNITS,AVAIL,SPSPINCT,0,-1,4SRC-06,RC06HP09
RC06HP10,TempSlot13-Hot,SUBUNITS,NOWIP,SPSPINCT,0,-1,4SRC-06,RC06HP10
RC06HP11,TMSSlot21-Hot,SUBUNITS,AVAIL,SPSPINCT,0,-1,4SRC-06,RC06HP11
RC06HP12,TMSSlot22-Hot,SUBUNITS,AVAIL,SPSPINCT,0,-1,4SRC-06,RC06HP12
RC06HP13,TMSSlot23-Hot,SUBUNITS,NOWIP,SPSPINCT,0,-1,4SRC-06,RC06HP13
RC06HP14,TMSSlot31-Hot,SUBUNITS,AVAIL,SPSPINCT,0,-1,4SRC-06,RC06HP14
RC06HP15,TMSSlot32-Hot,SUBUNITS,NOWIP,SPSPINCT,0,-1,4SRC-06,RC06HP15
RC06HP16,TMSSlot33-Hot,SUBUNITS,NOWIP,SPSPINCT,0,-1,4SRC-06,RC06HP16
RC06HP17,TMSSlot41-Hot,SUBUNITS,NOWIP,SPSPINCT,0,-1,4SRC-06,RC06HP17
RC06HP18,TMSSlot42-Hot,SUBUNITS,NOWIP,SPSPINCT,0,-1,4SRC-06,RC06HP18
RC06HP19,TMSSlot43-Hot,SUBUNITS,NOWIP,SPSPINCT,0,-1,4SRC-06,RC06HP19
RC08CO01,SpinCO1,SUBUNITS,NOWIP,3SPINCT,0,-1,3SRC-08,RC08CO01
RC08CO02,SpinCO2,SUBUNITS,NOWIP,3SPINCT,0,-1,3SRC-08,RC08CO02
RC08CP01,TempSlot11-Cool,SUBUNITS,NOWIP,3SPINCT,0,-1,3SRC-08,RC08CP01
RC08CP02,TempSlot12-Cool,SUBUNITS,NOWIP,3SPINCT,0,-1,3SRC-08,RC08CP02
RC08CP03,TempSlot13-Cool,SUBUNITS,NOWIP,3SPINCT,0,-1,3SRC-08,RC08CP03
RC08HP01,TempSlot14-Hot,SUBUNITS,NOWIP,3SPINCT,0,-1,3SRC-08,RC08HP01
RC08HP02,TempSlot15-Hot,SUBUNITS,AVAIL,3SPINCT,0,-1,3SRC-08,RC08HP02
RC08HP03,TempSlot16-Hot,SUBUNITS,AVAIL,3SPINCT,0,-1,3SRC-08,RC08HP03
RC08HP04,TempSlot17-Hot,SUBUNITS,NOWIP,3SPINCT,0,-1,3SRC-08,RC08HP04
RC08HP05,TMSSlot11-Hot,SUBUNITS,NOWIP,3SPINCT,0,-1,3SRC-08,RC08HP05
RC08HP06,TMSSlot12-Hot,SUBUNITS,AVAIL,3SPINCT,0,-1,3SRC-08,RC08HP06
RC08HP07,TMSSlot13-Hot,SUBUNITS,NOWIP,3SPINCT,0,-1,3SRC-08,RC08HP07
RC08HP08,TMSSlot21-Hot,SUBUNITS,NOWIP,3SPINCT,0,-1,3SRC-08,RC08HP08
RC08HP09,TMSSlot22-Hot,SUBUNITS,AVAIL,3SPINCT,0,-1,3SRC-08,RC08HP09
RC08HP10,TMSSlot23-Hot,SUBUNITS,AVAIL,3SPINCT,0,-1,3SRC-08,RC08HP10
RC09CO01,SpinCO1,SUBUNITS,NOWIP,3SPINCT,0,-1,5SRC-09,RC09CO01
RC09CO02,SpinCO2,SUBUNITS,NOWIP,3SPINCT,0,-1,5SRC-09,RC09CO02
RC09CP01,TempSlot11-Cool,SUBUNITS,NOWIP,3SPINCT,0,-1,5SRC-09,RC09CP01
RC09CP02,TempSlot12-Cool,SUBUNITS,NOWIP,3SPINCT,0,-1,5SRC-09,RC09CP02
RC09CP03,TempSlot13-Cool,SUBUNITS,NOWIP,3SPINCT,0,-1,5SRC-09,RC09CP03
RC09HP01,TempSlot14-Hot,SUBUNITS,NOWIP,3SPINCT,0,-1,5SRC-09,RC09HP01
RC09HP02,TempSlot15-Hot,SUBUNITS,NOWIP,3SPINCT,0,-1,5SRC-09,RC09HP02
RC09HP03,TempSlot16-Hot,SUBUNITS,NOWIP,3SPINCT,0,-1,5SRC-09,RC09HP03
RC09HP04,TempSlot17-Hot,SUBUNITS,AVAIL,3SPINCT,0,-1,5SRC-09,RC09HP04
RC09HP05,TMSSlot11-Hot,SUBUNITS,AVAIL,3SPINCT,0,-1,5SRC-09,RC09HP05
RC09HP06,TMSSlot12-Hot,SUBUNITS,NOWIP,3SPINCT,0,-1,5SRC-09,RC09HP06
RC09HP07,TMSSlot13-Hot,SUBUNITS,NOWIP,3SPINCT,0,-1,5SRC-09,RC09HP07
RC09HP08,TMSSlot21-Hot,SUBUNITS,NOWIP,3SPINCT,0,-1,5SRC-09,RC09HP08
RC09HP09,TMSSlot22-Hot,SUBUNITS,NOWIP,3SPINCT,0,-1,5SRC-09,RC09HP09
RC09HP10,TMSSlot23-Hot,SUBUNITS,NOWIP,3SPINCT,0,-1,5SRC-09,RC09HP10
RR08B01,SOLVENT1_v1 - EMK9600,SUBUNITS,NOWIP,SLRESROM,0,-1,4RR-08,RR08B01
RR08B02,SOLVENT2_v1 - EMK9600,SUBUNITS,NOWIP,SLRESROM,0,-1,4RR-08,RR08B02
RR08B03,QDR_v1,SUBUNITS,NOWIP,SLRESROM,0,-1,4RR-08,RR08B03
RR08B04,FR_v1,SUBUNITS,NOWIP,SLRESROM,0,-1,4RR-08,RR08B04
RR11B01,Bath1,SUBUNITS,NOWIP,3LRESROM,0,-1,3RR-11,RR11B01
RR11B02,Bath2,SUBUNITS,NOWIP,3LRESROM,0,-1,3RR-11,RR11B02
RR11B05,Bath5,SUBUNITS,NOWIP,3LRESROM,0,-1,3RR-11,RR11B05
1NO-13,Espec Nitrogen curing oven,SPHOTO,AVAIL,SPNITOVN,0,0, ,1NO-13
1NO-14,Espec Nitrogen curing oven,SPHOTO,AVAIL,SPNITOVN,0,0, ,1NO-14
1NO-15,Espec Nitrogen curing oven,SPHOTO,AVAIL,SPNITOVN,0,0, ,1NO-15
1NO-19,Espec Nitrogen curing oven,SPHOTO,AVAIL,SPNITOVN,0,0, ,1NO-19
1NO-20,Espec Nitrogen curing oven,SPHOTO,AVAIL,SPNITOVN,0,0, ,1NO-20
1NO-21,Espec Nitrogen curing oven,SPHOTO,AVAIL,SPNITOVN,0,0, ,1NO-21
1NO-22,Espec Nitrogen curing oven,SPHOTO,AVAIL,SPNITOVN,0,0, ,1NO-22
1NO-24,Espec Nitrogen curing oven,SPHOTO,AVAIL,SPNITOVN,0,0, ,1NO-24
1MS-01,Nikon MM-400 with Z-axis scope,SPHOTO,AVAIL,SPSCOPE,0,0, ,1MS-01
1MS-02,Nikon MM-400 with Z-axis scope,SPHOTO,AVAIL,SPSCOPE,0,0, ,1MS-02
1MS-08,Nikon MM-400 with Z-axis scope,SPHOTO,AVAIL,SPSCOPE,0,0, ,1MS-08
1OCR-05,OCR Reader,SPHOTO,AVAIL,SOCR,0,0, ,1OCR-05
1OE-07,Showa Shinku Ion Etching,SPHOTO,AVAIL,SPIONETC,-1,0, ,1OE-07
1OE-09,Showa Shinku Ion Etching,SPHOTO,AVAIL,SPIONETC,-1,0, ,1OE-09
1OVL-01,Overlay Check,SPHOTO,AVAIL,SPSCOPE,-1,0, ,1OVL-01
1OVL-02,Overlay Check,SPHOTO,AVAIL,SPSCOPE,-1,0, ,1OVL-02
1OVL-03,Overlay Check,SPHOTO,AVAIL,SPSCOPE,-1,0, ,1OVL-03
1PMC-02,Photomask cleaning machine,SPHOTO,AVAIL,SPMKSCLN,0,0, ,1PMC-02
1PMI-01,Photo Mask Inspection machine,SPHOTO,AVAIL,SPMKSCLN,0,0, ,1PMI-01
3OCR-13,BAW OCR Reader,S3PLATE,AVAIL,3OCR,0,0, ,3OCR-13
3OQCW,Outgoing QC-Wafer,S3PACK,AVAIL,3PACKMAN,0,0, ,3OQCW
3PACKW,Packing -Wafer,S3PACK,AVAIL,3PACKMAN,0,0, ,3PACKW
3PBA-06,Plating Bath Analyzer,S3PLATE,AVAIL,PBA,0,0, ,3PBA-06
3POSTTST,Network Analyzer,S3PACK,AVAIL,3PSTTST,0,0, ,3POSTTST
3PS-07,BG Tape Lamination,S3GRIND,AVAIL,3GSTICK,-1,0, ,3PS-07
3REFLOW1,Heller Reflow,S3PACK,AVAIL,3REFLOW,0,0, ,3REFLOW1
3RSM-01,Resistivity Measurement,S3SPUT,AVAIL,3SRM,0,0, ,3RSM-01
3RT-224,Rack Staging,S3SOLDER,AVAIL,3DESICC,0,0, ,3RT-224
3SFS-01,Particle Measurement,S3SOLDER,AVAIL,3SFS,0,0, ,3SFS-01
3SOAK1,Espec Temperature Humidity Cha,S3PACK,AVAIL,3SOAK,0,0, ,3SOAK1
3SRC05C1,3SRC05 Cup1,S3PHOTO,AVAIL,3SPINCTM,0,0, ,3SRC05C1
3SRC05C2,3SRC05 Cup2,S3PHOTO,AVAIL,3SPINCTM,0,0, ,3SRC05C2
3SRD-04,Spin Rinse Drying,S3PLATE,AVAIL,3PWETCLN,-1,0, ,3SRD-04
3TC1,Espec Temperature Cycling Cham,S3PACK,AVAIL,3TEMPCYC,0,0, ,3TC1
3TC2,Espec Temperature Cycling Cham,S3PACK,AVAIL,3TEMPCYC,0,0, ,3TC2
3TG-33,Digital thickness gauge,S3GRIND,AVAIL,3DTG,0,0, ,3TG-33
1PSP-02,Takatori Protective sheet peel,SPHOTO,AVAIL,SPPEEL,-1,0, ,1PSP-02
1PSP-06,Takatori Protective sheet peel,SPHOTO,AVAIL,SPPEEL,-1,0, ,1PSP-06
1SDV-15,SUSS Developer,SPHOTO,AVAIL,SPCRDEV,-1,0, ,1SDV-15
1SPL-03,Samco Surface mod Plasma Clean,SPHOTO,AVAIL,SPPLSCLN,0,0, ,1SPL-03
1SPL-06,Samco Surface mod Plasma Clean,SPHOTO,AVAIL,SPPLSCLN,0,0, ,1SPL-06
1SRC-10,SUSS Spin Coating,SPHOTO,AVAIL,SPSPINCT,-1,0, ,1SRC-10
1SS-09,Takatori Film lamination,SPHOTO,AVAIL,SPLAMPHO,-1,0, ,1SS-09
1SS-10,Takatori Film lamination,SPHOTO,AVAIL,SPLAMPHO,-1,0, ,1SS-10
1SS-13,Takatori Film lamination,SPHOTO,NOWIP,SPLAMPHO,-1,0, ,1SS-13
1TM-08,Thickness Measurement,SPHOTO,AVAIL,SPMEAS,0,0, ,1TM-08
1UE-04,Ushio Photo exposure,SPHOTO,AVAIL,SPEXPOSE,-1,0, ,1UE-04
1UE-10,Ushio Photo exposure,SPHOTO,AVAIL,SPEXPOSE,-1,0, ,1UE-10
1UE-11,Ushio Photo exposure,SPHOTO,AVAIL,SPEXPOSE,-1,0, ,1UE-11
1UE-14,Ushio Photo exposure,SPHOTO,AVAIL,SPEXPOSE,-1,0, ,1UE-14
1VO-07,Espec Vacuum oven,SPHOTO,AVAIL,SPVACOVN,0,0, ,1VO-07
1VO-08,Espec Vacuum oven,SPHOTO,AVAIL,SPVACOVN,0,0, ,1VO-08
1VO-09,Espec Vacuum oven,SPHOTO,AVAIL,SPVACOVN,0,0, ,1VO-09
1VO-11,Espec Vacuum oven,SPHOTO,AVAIL,SPVACOVN,0,0, ,1VO-11
1WLC-01,Wafer lot creation,SPHOTO,AVAIL,SPSCAN,0,0, ,1WLC-01
1WLC-02,Wafer lot creation,SPHOTO,AVAIL,SPSCAN,0,0, ,1WLC-02
22D-03,2D Marking,SSOLDER,AVAIL,S2DMARK,0,0, ,22D-03
2AA-03,Acid Activiation,SPLATE,AVAIL,SLWASH,0,0, ,2AA-03
2ASP-05,Solder printing machine,SSOLDER,AVAIL,SOPRINT,-1,0, ,2ASP-05
2ASP-06,Solder printing machine,SSOLDER,AVAIL,SOPRINT,-1,0, ,2ASP-06
2BIS-10,Inspection system,SSOLDER,AVAIL,SOINSPP3,0,0, ,2BIS-10
2BIS-16,Bump Inspection system,SSOLDER,AVAIL,SOINSPP3,-1,0, ,2BIS-16
2BIS-23,Bump Inspection system,SSOLDER,AVAIL,SOINSPP3,-1,0, ,2BIS-23
2BIS-24,Bump Inspection system,SSOLDER,AVAIL,SOINSPP3,-1,0, ,2BIS-24
2BIS-25,Bump Inspection system,SSOLDER,AVAIL,SOINSPP3,-1,0, ,2BIS-25
2BIS-26,Bump Inspection system,SSOLDER,AVAIL,SOINSPP3,-1,0, ,2BIS-26
2CI-03,Waferbackside scanner,SSPUTTER,AVAIL,WBSCAN,0,0, ,2CI-03
2CI-07,Waferbackside scanner,SPLATE,AVAIL,WBSCAN,0,0, ,2CI-07
2CI-09,Waferbackside scanner,SGRIND,AVAIL,WBSCAN,0,0, ,2CI-09
2DPL-04,Samco Plasma clean (Plating),SPLATE,AVAIL,SSCLEAN,0,0, ,2DPL-04
2DPL-05,Samco Plasma clean (Plating),SPLATE,AVAIL,SSCLEAN,0,0, ,2DPL-05
2DPL-10,Showa Shinku Descum Machine,SPLATE,AVAIL,SSCLEAN,-1,0, ,2DPL-10
2DS-03,Die Shear Testing,SSOLDER,AVAIL,SOSHEAR,0,0, ,2DS-03
2DW-01,Dumbwaiter,SGRIND,AVAIL,SDUWAIT,0,0, ,2DW-01
2FDV-04,Dainippon Screen Film develop,SPHOTO,AVAIL,SPCRDEV,-1,0, ,2FDV-04
2FL-01,Bump Flattening,SGRIND,AVAIL,SGBUMP,0,0, ,2FL-01
2FRT-02,FRT MicroProf 200 MHU system,SSOLDER,AVAIL,SOMEAS,-1,0, ,2FRT-02
2IS-12,Low power Inspection Scope,SPLATE,AVAIL,SLSCOPE,0,0, ,2IS-12
2MC-01,Machine Sheet Cutter,SSOLDER,AVAIL,SOSHTCUT,0,0, ,2MC-01
2ML-04,Marking sheet lamination,SSOLDER,AVAIL,SOMRKLAM,0,0, ,2ML-04
2OAE-11,Oxygen &  Argon Dry Etching,SSPUTTER,AVAIL,SSIONETC,0,0, ,2OAE-11
2OAE-12,Oxygen &  Argon Dry Etching,SSPUTTER,AVAIL,SSIONETC,0,0, ,2OAE-12
2OAE-13,Oxygen &  Argon Dry Etching,SSPUTTER,AVAIL,SSIONETC,0,0, ,2OAE-13
2OAE-14,Samco Reactive Ion Etch,SSPUTTER,AVAIL,SSIONETC,0,0, ,2OAE-14
2OAE-15,Oxygen &  Argon Dry Etching,SSPUTTER,AVAIL,SSIONETC,0,0, ,2OAE-15
2PBA-01,Plating Bath Analysis Equipmen,SPLATE,AVAIL,PBA,0,0, ,2PBA-01
2PCM-04,Process Control Measurement,SGRIND,AVAIL,SGPCM,0,0, ,2PCM-04
2PS-08,Protective Sheet Sticking,SGRIND,AVAIL,SGSTICK,-1,0, ,2PS-08
2PT-07,EEJA plating,SPLATE,AVAIL,SLPLATE,-1,0, ,2PT-07
2PT-09,EEJA plating,SPLATE,AVAIL,SLPLATE,-1,0, ,2PT-09
2PT-10,EEJA plating,SPLATE,AVAIL,SLPLATE,-1,0, ,2PT-10
2PT-11,EEJA plating,SPLATE,AVAIL,SLPLATE,-1,0, ,2PT-11
2PT-13,EEJA plating,SPLATE,AVAIL,SLPLATE,-1,0, ,2PT-13
2PT-14,EEJA plating,SPLATE,AVAIL,SLPLATE,-1,0, ,2PT-14
2PUV-02,Protective Sheet Ultra Violet,SGRIND,AVAIL,SGTPREMO,-1,0, ,2PUV-02
2RDV-09,TEL Resist developer,SPHOTO,AVAIL,SPRESDEV,-1,0, ,2RDV-09
2RDY-19,Resin Curing Oven,SGRIND,NOWIP,SGRESCUR,0,0, ,2RDY-19
2RF-04,Heller Reflow Oven,SSOLDER,AVAIL,SOREFSOL,0,0, ,2RF-04
2RG-04,Resin Grinding,SGRIND,NOWIP,SGRESGRN,-1,0, ,2RG-04
2RP-04,Resin Printing,SGRIND,AVAIL,SGRESPRT,0,0, ,2RP-04
2SD-05,OEM Spin Rinse Dry,SPLATE,AVAIL,SLSPIN,-1,0, ,2SD-05
2SPT-10,Sputtering,SSPUTTER,AVAIL,SSSPUTTR,-1,0, ,2SPT-10
2SPT-12,Sputtering,SSPUTTER,AVAIL,SSSPUTTR,-1,0, ,2SPT-12
2SPT-14,Sputtering,SSPUTTER,AVAIL,SSSPUTTR,-1,0, ,2SPT-14
2SPT-26,Sputtering,SSPUTTER,AVAIL,SSSPUTTR,-1,0, ,2SPT-26
2WG-06,Wafer Grinding,SGRIND,AVAIL,SGGRIND,-1,0, ,2WG-06
2WG-09,Wafer Grinding,SGRIND,AVAIL,SGGRIND,-1,0, ,2WG-09
2WG-16,Wafer Grinding,SGRIND,AVAIL,SGGRIND,-1,0, ,2WG-16
2XFS-01,X-Ray Measurement,SSPUTTER,AVAIL,SSXRD,0,0, ,2XFS-01
3ALP-01,BAW measurement tool,S3DICING,AVAIL,3LABEL,0,0, ,3ALP-01
3AOI-01,Automatc Optical Inspection,S3BOND,AVAIL,3AOI,-1,0, ,3AOI-01
3AOI-02,Automatic Optical Inspection,S3PHOTO,AVAIL,3AOI,-1,0, ,3AOI-02
3AOI-04,Automatic Optical Inspection,S3PHOTO,AVAIL,3AOI,-1,0, ,3AOI-02
3AOI-05,Automatc Optical Inspection,S3BOND,AVAIL,3AOI,-1,0, ,3AOI-05
3AOI-09,Automatc Optical Inspection,S3BOND,AVAIL,3AOI,-1,0, ,3AOI-09
3AOI-13,Automatic Optical Inspection,S3PHOTO,AVAIL,3AOI,-1,0, ,3AOI-13
3BAKE1,Yamato Oven,S3PACK,AVAIL,3BAKE,0,0, ,3BAKE1
3BIN2,Singapore3 Bin2 Hold Step,S3TEST,AVAIL,3BIN2,0,0, ,3BIN2
3CAP-PP,Cap Wafer Preparation,S3SOLDER,AVAIL,3WPREP,0,0, ,3CAP-PP
3CASCHG,Dummy machine for Cassette cha,S3PHOTO,AVAIL,3CASSETT,0,0, ,3CASCHG
3CPU-01,Computer,S3BOND,AVAIL,3CPU,0,0, ,3CPU-01
3DES-129,N2 Desiccator,S3PHOTO,AVAIL,3DESICC,0,0, ,3DES-129
3DES-130,N2 Desiccator,S3PHOTO,AVAIL,3DESICC,0,0, ,3DES-130
3DES-14,N2 Desiccator,S3PHOTO,AVAIL,3DESICC,0,0, ,3DES-14
3DES-158,N2 Desiccator,S3PHOTO,AVAIL,3DESICC,0,0, ,3DES-158
3DES-171,N2 Desiccator,S3PHOTO,AVAIL,3DESICC,0,0, ,3DES-171
3DES-210,N2 Desiccator,S3PHOTO,AVAIL,3DESICC,0,0, ,3DES-210
3DS-07,Die Shear,S3ETCH,AVAIL,3DIESHEA,0,0, ,3DS-07
3DS-11,Die Shear,S3ETCH,AVAIL,3DIESHEA,-1,0, ,3DS-11
3DW-02,Dumbwaiter,S3PLATE,AVAIL,SDUWAIT,0,0, ,3DW-02
3ET-09,Sputter Layer Etching,S3ETCH,AVAIL,3WETETCH,-1,0, ,3ET-09
3ETEST1,Network Analyzer,S3PACK,AVAIL,3NWA,0,0, ,3ETEST1
3FFAC1,FormFactor Tool,S3PACK,AVAIL,3PSTTST,0,0, ,3FFAC1
3FI-100,Final Inspection,S3TEST,AVAIL,3TFINTST,0,0, ,3FI-100
3FI-102,Final Inspection,S3TEST,AVAIL,3TFINTST,0,0, ,3FI-102
3FI-103,Final Inspection,S3TEST,AVAIL,3TFINTST,0,0, ,3FI-103
3FI-104,Final Inspection,S3TEST,NOWIP,3TFINTST,0,0, ,3FI-104
3FI-130,Final Inspection,S3TEST,AVAIL,3TFINTST,0,0, ,3FI-130
3FI-131,Final Inspection,S3TEST,AVAIL,3TFINTST,0,0, ,3FI-131
3FI-138,Final Inspection,S3TEST,AVAIL,3TFINTST,0,0, ,3FI-138
3FI-65,Final Inspection,S3TEST,AVAIL,3TFINTST,0,0, ,3FI-65
3FI-71,Final Inspection,S3TEST,AVAIL,3TFINTST,0,0, ,3FI-71
3FI-79,Final Inspection,S3TEST,AVAIL,3TFINTST,0,0, ,3FI-79
3FI-80,Final Inspection,S3TEST,AVAIL,3TFINTST,0,0, ,3FI-80
3FI-81,Final Inspection,S3TEST,NOWIP,3TFINTST,0,0, ,3FI-81
3FI-82,Final Inspection,S3TEST,NOWIP,3TFINTST,0,0, ,3FI-82
3FI-84,Final Inspection,S3TEST,AVAIL,3TFINTST,0,0, ,3FI-84
3FI-85,Final Inspection,S3TEST,AVAIL,3TFINTST,0,0, ,3FI-85
3FI-86,Final Inspection,S3TEST,AVAIL,3TFINTST,0,0, ,3FI-86
3FI-87,Final Inspection,S3TEST,AVAIL,3TFINTST,0,0, ,3FI-87
3FI-88,Final Inspection,S3TEST,NOWIP,3TFINTST,0,0, ,3FI-88
3FI-89,Final Inspection,S3TEST,NOWIP,3TFINTST,0,0, ,3FI-89
3FI-90,Final Inspection,S3TEST,AVAIL,3TFINTST,0,0, ,3FI-90
3FI-91,Final Inspection,S3TEST,AVAIL,3TFINTST,0,0, ,3FI-91
3FI-92,Final Inspection,S3TEST,AVAIL,3TFINTST,0,0, ,3FI-92
3FI-93,Final Inspection,S3TEST,AVAIL,3TFINTST,0,0, ,3FI-93
3FI-94,Final Inspection,S3TEST,AVAIL,3TFINTST,0,0, ,3FI-94
3FI-95,Final Inspection,S3TEST,NOWIP,3TFINTST,0,0, ,3FI-95
3FI-96,Final Inspection,S3TEST,AVAIL,3TFINTST,0,0, ,3FI-96
3FI-98,Final Inspection,S3TEST,AVAIL,3TFINTST,0,0, ,3FI-98
3FI-99,Final Inspection,S3TEST,NOWIP,3TFINTST,0,0, ,3FI-99
3FIRMAP,IR+FI MAP merging,S3TEST,AVAIL,3FIRMAP,0,0, ,3FIRMAP
3HAST1,Hirayama HAST Chamber,S3PACK,AVAIL,3HAST,0,0, ,3HAST1
3IRT-06,IR Inspection,S3DICING,AVAIL,3TIRINSP,-1,0, ,3IRT-06
3LABEL01,Dicing tape 2D label,S3DICING,AVAIL,3LABEL,0,0, ,3LABEL01
3LS-01,Low Power Scope,S3PLATE,AVAIL,3LSCOP,0,0, ,3LS-01
3LS-02,Low power scope,S3PLATE,AVAIL,3LSCOP,0,0, ,3LS-02
3MAN1,1-day closing,S3PACK,AVAIL,3PACKMAN,0,0, ,3MAN1
3MAN2,Replacement,S3PACK,AVAIL,3PACKMAN,0,0, ,3MAN2
3MAN3,Manual Inspection,S3PACK,AVAIL,3PACKMAN,0,0, ,3MAN3
3MAN4,Outgoing QC,S3PACK,AVAIL,3PACKMAN,0,0, ,3MAN4
3MAN5,1-day closing,S3PACK,AVAIL,3PACKMAN,0,0, ,3MAN5
3MAN6,Replacement,S3PACK,AVAIL,3PACKMAN,0,0, ,3MAN6
3MAN7,Replacement,S3PACK,AVAIL,3PACKMAN,0,0, ,3MAN7
3MAN8,Replacement,S3PACK,AVAIL,3PACKMAN,0,0, ,3MAN8
3MK-09,Laser Marking (deep UV),S3SOLDER,AVAIL,3OMARK,-1,0, ,3MK-09
3MK-21,Laser Marking (deep UV),S3SOLDER,AVAIL,3OMARK,-1,0, ,3MK-21
3MK-24,Laser Marking (deep UV),S3SOLDER,AVAIL,3OMARK,-1,0, ,3MK-24
3MOV04,Dummy machine-Dummy wafer,S3PLATE,AVAIL,3DUMSTEP,0,0, ,3MOV04
3MOVE01,Dummy machine,S3TEST,AVAIL,3DUMSTEP,0,0, ,3MOVE01
3MOVE02,Dummy machine,S3TEST,AVAIL,3DUMMVB,0,0, ,3MOVE02
3MOVE03,Dummy step for PS lot,S3PACK,AVAIL,3DUMSTEP,0,0, ,3MOVE03
3MS-07,Visual Inspection,S3PHOTO,AVAIL,3VI,0,0, ,3MS-07
3MS-14,Visual Inspection,S3PHOTO,AVAIL,3VI,0,0, ,3MS-14
3MS-16,Auto Visual Inspection,S3PLATE,AVAIL,3LSCOP,0,0, ,3MS-16
3MUST1,MUST Auto Tool,S3PACK,AVAIL,3PSTTST,0,0, ,3MUST1
3MUST2,MUST Auto Tool,S3PACK,AVAIL,3PSTTST,0,0, ,3MUST2
3NCG-05,NCG Digital thickness gauge,S3GRIND,AVAIL,3GGRIND,0,0, ,3NCG-05
3NE-01,Visual Check w/o scope,S3PLATE,AVAIL,3NECHK,0,0, ,3NE-01
3NE-02,Aft Dicing NakedEye Inspection,S3DICING,AVAIL,3NEINSP,0,0, ,3NE-02
3OCR-10,BAW OCR Reader,S3SPUT,AVAIL,3OCR,0,0, ,3OCR-10
12D-04,2D Marking,SPHOTO,AVAIL,SLOTIDMK,0,0, ,12D-04
12D-05,2D Marking,SPHOTO,AVAIL,SLOTIDMK,0,0, ,12D-05
1ALIS-01,Auto loader inspection scope,SPHOTO,AVAIL,SPSCOPE,0,0, ,1ALIS-01
1ALIS-02,Auto loader inspection scope,SPHOTO,AVAIL,SPSCOPE,0,0, ,1ALIS-02
1CBC-01,4/6/8-in CASSETTE AND BOX CLNR,SPHOTO,AVAIL,SPCBCLN,0,0, , 
1CI-01,Waferbackside scanner,SPHOTO,AVAIL,WBSCAN,0,0, ,1CI-01
1HUV-03,CEI Hot Plate UV Curing,SPHOTO,AVAIL,SPHEAT,-1,0, ,1HUV-03
1HUV-04,CEI Hot Plate UV Curing,SPHOTO,AVAIL,SPHEAT,-1,0, ,1HUV-04
1IS-03,Nikon Nikon scope,SPHOTO,AVAIL,SPSCOPE,0,0, ,1IS-03
1IS-05,Nikon Nikon scope,SPHOTO,AVAIL,SPSCOPE,0,0, ,1IS-05
WR01,ASM,S3PACK,AVAIL,ORT-ASM,0,0, , 
WR03,ASM,S3PACK,AVAIL,ORT-ASM,0,0, , 
WTT-02,Wafer Transfer Trolley 2,SDICING,AVAIL,STROLLEY,0,0, ,WTT-02
WTT-03,Wafer Transfer Trolley 3,SDICING,AVAIL,STROLLEY,0,0, ,WTT-03
WTT-05,Wafer Transfer Trolley 5,SDICING,AVAIL,STROLLEY,0,0, ,WTT-05
WTT-07,Wafer Transfer Trolley 7,SDICING,AVAIL,STROLLEY,0,0, ,WTT-07
3VS-01,Dummy for manualhandling of VI,S3SPUT,AVAIL,3WFLIFT,0,0, ,3VS-01
3WET-01,Edge Trimming,S3DICING,AVAIL,3GTRIM,0,0, ,3WET-01
3WET-02,Edge Trimming,S3DICING,AVAIL,3GTRIM,0,0, ,DIS
3WG-11,Back Grinding with NCG,S3GRIND,AVAIL,3GGRIND,-1,0, ,3WG-11
3WG-20,Back Grinding with NCG,S3GRIND,AVAIL,3GGRIND,-1,0, ,3WG-20
3WLC-04,Wafer lot creation tool,S3SPUT,AVAIL,SPSCAN,0,0, ,3WLC-04
3WLT-04,Auto wafer lifter tool for VI,S3SPUT,AVAIL,3NECHK,0,0, ,3WLT-04
3WLT-05,Auto wafer lifter tool for VI,S3PLATE,AVAIL,3NECHK,0,0, ,3WLT-05
3WM-06,Mounting Tape,S3DICING,AVAIL,3DMOUNT,-1,0, ,3WM-06
3WM-10,Stealth Dicing Wafer Mounter,S3DICING,AVAIL,3DMOUNT,-1,0, ,3WM-10
3WREC1,ASM Wafer Reconstruction,S3PACK,AVAIL,3ASM,0,0, ,3WREC1
3WSD-01,Wafer Stealth Dicer,S3DICING,AVAIL,3WFRDICE,0,0, ,3WSD-01
3WTM-05,Wafer sorting and transfer,S3GRIND,AVAIL,3WTM,-1,0, ,3WTM-05
3XFS-02,X Ray Sepectrometer,S3PLATE,AVAIL,3XRAY,0,0, ,3XFS-02
3XFS-06,X Ray Sepectrometer,S3PLATE,AVAIL,3XRAY,-1,0, ,3XFS-06
3ZETA-01,Plating thickness measurement,S3PLATE,AVAIL,3ZETA,0,0, ,3ZETA-01
4AIS-01,Automated Inspection Tool,SPLATE,AVAIL,SLSCOPE,-1,0, ,4AIS-01
4ASP-07,Solder printing machine,SSOLDER,AVAIL,SOPRINT,-1,0, ,4ASP-07
4ASP-08,Solder printing machine,SSOLDER,AVAIL,SOPRINT,-1,0, ,4ASP-08
4BIS-14,Bump Inspection system,SSOLDER,AVAIL,SOINSPP3,-1,0, ,4BIS-14
4BIS-15,Bump Inspection system/AOI,SSOLDER,AVAIL,SOINSPP3,-1,0, ,4BIS-15
4BIS-17,Bump Inspection system,SSOLDER,AVAIL,SOINSPP3,-1,0, ,4BIS-17
4BIS-20,Bump Inspection system AOI,SSOLDER,AVAIL,SOINSPP3,-1,0, ,4BIS-20
4BIS-22,Bump Inspection system,SSOLDER,AVAIL,SOINSPP3,-1,0, ,4BIS-22
4CI-04,Waferbackside scanner,SPHOTO,AVAIL,WBSCAN,0,0, ,4CI-04
4CI-05,Waferbackside scanner,SPHOTO,AVAIL,WBSCAN,0,0, ,4CI-05
4CI-06,Waferbackside scanner,SSOLDER,AVAIL,WBSCAN,0,0, ,4CI-06
4CI-08,Wafer Backside Scanner,SSPUTTER,AVAIL,WBSCAN,0,0, ,4CI-08
4CI-10,Wafer Backside Scanner,SSPUTTER,AVAIL,WBSCAN,0,0, ,4CI-10
4DPL-07,Descum Plasma Clean,SPLATE,AVAIL,SSCLEAN,0,0, ,4DPL-07
4DPL-09,Showa Shinku Descum Machine,SPLATE,AVAIL,SSCLEAN,-1,0, ,4DPL-09
4DS-06,Die Shear Testing,SSOLDER,AVAIL,SOSHEAR,0,0, ,4DS-06
4ET-08,Wet Etching,SSOLDER,AVAIL,SOWETETC,-1,0, ,4ET-08
4FRT-01,FRT MicroProf 200 MHU system,SSOLDER,AVAIL,SOMEAS,-1,0, ,4FRT-01
4IS-14,Low power Inspection Scope,SPLATE,AVAIL,SLSCOPE,0,0, ,4IS-14
4IS-16,Low power Inspection Scope,SPLATE,AVAIL,SLSCOPE,0,0, ,4IS-16
4MK-12,Laser Marking,SSOLDER,AVAIL,SOMARK,-1,0, ,4MK-12
4MK-13,Laser Marking,SSOLDER,AVAIL,SOMARK,-1,0, ,4MK-13
4MS-09,Nikon MM-400 measure,SSOLDER,AVAIL,SOMEAS,0,0, ,4MS-09
4PCM-01,Process Control Measurement,SGRIND,AVAIL,SGPCM,0,0, ,4PCM-01
4PT-16,EEJA plating,SPLATE,AVAIL,SLPLATE,-1,0, ,4PT-16
4PT-17,EEJA plating,SPLATE,AVAIL,SLPLATE,-1,0, ,4PT-17
4PT-19,EEJA plating,SPLATE,AVAIL,SLPLATE,-1,0, ,4PT-19
4RSL-01,Reflow Semi Auto Loader,SSOLDER,AVAIL,SOREFSOL,0,0, ,4RSL-01
4SPT-19,Sputtering,SSPUTTER,AVAIL,SSSPUTTR,-1,0, ,4SPT-19
4SPT-23,Sputtering,SSPUTTER,AVAIL,SSSPUTTR,-1,0, ,4SPT-23
4SPT-32,ASMNEXX sputtering machine,SSPUTTER,AVAIL,SSSPUTTR,-1,0, ,4SPT-32
4SRC-07,TEL ACT8 Coater,SPHOTO,AVAIL,SPSPIRCT,-1,0, ,4SRC-07
4TM-04,Thickness Measurement,SPHOTO,AVAIL,SPMEAS,0,0, ,4TM-04
4PT-21,EEJA plating,SPLATE,AVAIL,SLPLATE,-1,0, ,4PT-21
4WG-02,Wafer Grinding,SGRIND,NOWIP,SGGRIND,-1,0, ,4WG-02
4WG-12,Wafer Grinding,SGRIND,AVAIL,SGGRIND,-1,0, ,4WG-12
4WTT-DM,Wafer cassette exchanging,SSOLDER,AVAIL,SWTRSFR,0,0, ,4WTT-DM
4XFS-03,X-Ray Measurement,SSPUTTER,AVAIL,SSXRD,0,0, ,4XFS-03
5ADS-03,Automated Dies Separator,S3DICING,AVAIL,3WFRDICE,0,0, ,5ADS-03
5ALP-02,BAW measurement tool,S3DICING,AVAIL,3LABEL,0,0, ,5ALP-02
5AOI-06,Automatic Optical Inspection,S3PHOTO,AVAIL,3AOI,-1,0, ,5AOI-06
5AOI-07,Automatic Optical Inspection,S3PHOTO,AVAIL,3AOI,-1,0, ,5AOI-07
5AOI-10,Automatic Optical Inspection,S3PHOTO,AVAIL,3AOI,-1,0, ,5AOI-10
5AOI-11,Auto Optical Inspect (ADG IR),S3BOND,AVAIL,3AOI,0,0, ,5AOI-11
5AOI-12,Automatic Optical Inspection,S3PHOTO,AVAIL,3AOI,-1,0, ,5AOI-12
5DDUV-02,UV Irradiation and Detape,S3BOND,AVAIL,3DDUV,-1,0, ,5DDUV-02
5DES-182,N2 Desiccator,S3PHOTO,AVAIL,3DESICC,0,0, ,5DES-182
5DES-189,N2 Desiccator,S3PHOTO,AVAIL,3DESICC,0,0, ,5DES-189
5DES-194,N2 Desiccator,S3PHOTO,AVAIL,3DESICC,0,0, ,5DES-194
5DES-195,N2 Desiccator,S3PHOTO,AVAIL,3DESICC,0,0, ,5DES-195
5DW-02,Dumbwaiter,S3PHOTO,AVAIL,SDUWAIT,0,0, ,5DW-02
5FI-108,Final Inspection,S3TEST,NOWIP,3TFINTST,0,0, ,5FI-108
5FI-109,Final Inspection,S3TEST,AVAIL,3TFINTST,0,0, ,5FI-109
5FI-110,Final Inspection,S3TEST,NOWIP,3TFINTST,0,0, ,5FI-110
5FI-115,Final Inspection,S3TEST,NOWIP,3TFINTST,0,0, ,5FI-115
5FI-116,Final Inspection,S3TEST,NOWIP,3TFINTST,0,0, ,5FI-116
5FI-118,Final Inspection,S3TEST,NOWIP,3TFINTST,0,0, ,5FI-118
5FI-127,Final Inspection,S3TEST,AVAIL,3TFINTST,0,0, ,5FI-127
5FI-128,Final Inspection,S3TEST,AVAIL,3TFINTST,0,0, ,5FI-128
5FI-132,Final Inspection,S3TEST,AVAIL,3TFINTST,0,0, ,5FI-132
5FI-133,Final Inspection,S3TEST,NOWIP,3TFINTST,0,0, ,5FI-133
5FI-135,Final Inspection,S3TEST,NOWIP,3TFINTST,0,0, ,5FI-135
5FI-136,Final Inspection,S3TEST,NOWIP,3TFINTST,0,0, ,5FI-136
5FI-140,Final Inspection,S3TEST,NOWIP,3TFINTST,0,0, ,5FI-140
5IRT-03,IR Inspection,S3DICING,AVAIL,3TIRINSP,0,0, ,5IRT-03
5IRT-04,IR Inspection,S3DICING,AVAIL,3TIRINSP,-1,0, ,5IRT-04
5IRT-05,IR Inspection,S3DICING,AVAIL,3TIRINSP,-1,0, ,5IRT-05
5MK-16,Laser Marking (deep UV),S3SOLDER,AVAIL,3OMARK,-1,0, ,5MK-16
5MK-18,Laser Marking (deep UV),S3SOLDER,AVAIL,3OMARK,-1,0, ,5MK-18
5MK-19,Laser Marking (deep UV),S3SOLDER,AVAIL,3OMARK,-1,0, ,5MK-19
5MK-22,Laser Marking (deep UV),S3SOLDER,AVAIL,3OMARK,-1,0, ,5MK-22
5MS-11,Visual Inspection,S3PHOTO,AVAIL,3VI,0,0, ,5MS-11
5MSK-01,Auto store/Exchange Photomask,S3PHOTO,AVAIL,3STOCKER,0,0, ,5MSK-01
5NCG-01,NCG Digital thickness gauge,S3GRIND,AVAIL,3NCG,0,0, ,5NCG-01
5OCR-02,BAW OCR Reader,S3PLATE,AVAIL,3OCR,0,0, ,5OCR-02
5OCR-09,BAW OCR Reader,S3PHOTO,AVAIL,3OCR,0,0, ,5OCR-09
5OCR-14,BAW OCR Reader,S3PHOTO,AVAIL,3OCR,0,0, ,5OCR-14
5OE-10,Oxygen Etch,S3PHOTO,AVAIL,3PPLSCLN,-1,0, ,5OE-10
5PCA-02,Ancosys Auto Plating Chemical,S3PLATE,AVAIL,3PCA,0,0, ,5PCA-02
5PCA-03,Ancosys Auto Plating Chemical,S3PLATE,AVAIL,3PCA,0,0, ,5PCA-03
5PS-12,BG Tape Lamination,S3GRIND,NOWIP,3GSTICK,-1,0, ,5PS-12
5RT-225,Rack Staging,S3SOLDER,AVAIL,3DESICC,0,0, ,5RT-225
5SAT-03,SAT Measurement,S3BOND,AVAIL,3SATMS,-1,0, ,5SAT-03
5SAT-04,SAT Measurement,S3BOND,AVAIL,3SATMS,-1,0, ,5SAT-04
5SPL-10,Surface Ashing,S3PHOTO,AVAIL,3PPLSCLN,0,0, ,5SPL-10
5TM-05,Resist Thickness Measurement,S3PHOTO,AVAIL,3PMEAS,0,0, ,5TM-05
5TM-06,Resist Thickness Measurement,S3PHOTO,AVAIL,3PMEAS,0,0, ,5TM-06
5TM-07,Resist Thickness Measurement,S3PHOTO,AVAIL,3PMEAS,0,0, ,5TM-07
5WET-03,Edge Trimming,S3DICING,AVAIL,3GTRIM,0,0, ,5WET-03
5WET-04,BAW Wafer Edge Trimming Tool,S3DICING,AVAIL,3GTRIM,0,0, ,5WET-04
5WET-05,Edge Trimming,S3DICING,AVAIL,3GTRIM,0,0, ,5WET-05
5WET-06,Edge Trimming,S3DICING,AVAIL,3GTRIM,0,0, ,5WET-06
5WG-21,Back Grinding with NCG,S3GRIND,AVAIL,3GGRIND,-1,0, ,5WG-21
5WG-22,Back Grinding with NCG,S3GRIND,AVAIL,3GGRIND,-1,0, ,5WG-22
5WG-23,Back Grinding with NCG,S3GRIND,AVAIL,3GGRIND,-1,0, ,5WG-23
5WLT-02,Auto wafer lifter tool for VI,S3SPUT,AVAIL,3NECHK,0,0, ,5WLT-02
5WM-12,Mounting Tape,S3DICING,AVAIL,3DMOUNT,-1,0, ,5WM-12
5WM-14,Stealth Dicing Wafer Mounter,S3DICING,AVAIL,3DMOUNT,-1,0, ,5WM-14
5WSD-04,Wafer Stealth Dicer,S3DICING,AVAIL,3WFRDICE,0,0, ,5WSD-04
5XFS-05,X Ray Sepectrometer,S3PLATE,AVAIL,3XRAY,-1,0, ,5XFS-05
5XRAY-01,Void X-ray Inspection,S3SOLDER,AVAIL,3XRAY2,-1,0, ,5XRAY-01
5ZETA-02,Plating thickness measurement,S3PLATE,AVAIL,3ZETA,-1,0, ,5ZETA-02
6IRT-01,IR Inspection,S3DICING,AVAIL,3TIRINSP,0,0, ,6IRT-01
6WD-07,Wafer Dicing,SDICING,NOWIP,SDWFRDIC,0,0, ,6WD-07
6WD-08,Wafer Dicing,SDICING,NOWIP,SDWFRDIC,0,0, ,6WD-08
6WD-10,Wafer Dicing,SDICING,NOWIP,SDWFRDIC,0,0, ,6WD-10
6WD-100,Accretech Wafer Dicing,SDICING,AVAIL,SDWFRDIC,0,0, ,6WD-100
6WD-101,Accretech Wafer Dicing,SDICING,AVAIL,SDWFRDIC,0,0, ,6WD-101
6WD-102,Accretech Wafer Dicing,SDICING,AVAIL,SDWFRDIC,0,0, ,6WD-102
6WD-103,Accretech Wafer Dicing,SDICING,AVAIL,SDWFRDIC,0,0, ,6WD-103
6WD-106,Accretech Wafer Dicing,SDICING,AVAIL,SDWFRDIC,0,0, ,6WD-106
6WD-107,Accretech Wafer Dicing,SDICING,AVAIL,SDWFRDIC,0,0, ,6WD-107
6WD-108,Accretech Wafer Dicing,SDICING,AVAIL,SDWFRDIC,0,0, ,6WD-108
6WD-112,Accretech Wafer Dicing,SDICING,AVAIL,SDWFRDIC,0,0, ,6WD-112
6WD-113,Accretech Wafer Dicing,SDICING,AVAIL,SDWFRDIC,0,0, ,6WD-113
6WD-114,Accretech Wafer Dicing,SDICING,AVAIL,SDWFRDIC,0,0, ,6WD-114
6WD-115,Accretech Wafer Dicing,SDICING,AVAIL,SDWFRDIC,0,0, ,6WD-115
6WD-116,Accretech Wafer Dicing,SDICING,AVAIL,SDWFRDIC,0,0, ,6WD-116
6WD-117,Accretech Wafer Dicing,SDICING,AVAIL,SDWFRDIC,0,0, ,6WD-117
6WD-118,Accretech Wafer Dicing,SDICING,AVAIL,SDWFRDIC,0,0, ,6WD-118
6WD-119,Accretech Wafer Dicing,SDICING,AVAIL,SDWFRDIC,0,0, ,6WD-119
6WD-120,Accretech Wafer Dicing,SDICING,AVAIL,SDWFRDIC,0,0, ,6WD-120
6WD-121,Accretech Wafer Dicing,SDICING,AVAIL,SDWFRDIC,0,0, ,6WD-121
6WD-123,Accretech Wafer Dicing,SDICING,AVAIL,SDWFRDIC,0,0, ,6WD-123
6WD-124,Accretech Wafer Dicing,SDICING,AVAIL,SDWFRDIC,0,0, ,6WD-124
6WD-125,Accretech Wafer Dicing,SDICING,AVAIL,SDWFRDIC,0,0, ,6WD-125
6WD-126,Accretech Wafer Dicing,SDICING,AVAIL,SDWFRDIC,0,0, ,6WD-126
6WD-127,Accretech Wafer Dicing,SDICING,AVAIL,SDWFRDIC,0,0, ,6WD-127
6WD-128,Accretech Wafer Dicing,SDICING,AVAIL,SDWFRDIC,0,0, ,6WD-128
6WD-129,Accretech Wafer Dicing,SDICING,AVAIL,SDWFRDIC,0,0, ,6WD-129
6WD-130,Accretech Wafer Dicing,SDICING,AVAIL,SDWFRDIC,0,0, ,6WD-130
6WD-131,Accretech Wafer Dicing,SDICING,AVAIL,SDWFRDIC,0,0, ,6WD-131
6WD-132,Accretech Wafer Dicing,SDICING,AVAIL,SDWFRDIC,0,0, ,6WD-132
6WD-133,Accretech Wafer Dicing,SDICING,AVAIL,SDWFRDIC,0,0, ,6WD-133
6WD-134,Accretech Wafer Dicing,SDICING,AVAIL,SDWFRDIC,0,0, ,6WD-134
6WD-135,Accretech Wafer Dicing,SDICING,AVAIL,SDWFRDIC,0,0, ,6WD-135
6WD-136,Accretech Wafer Dicing,SDICING,AVAIL,SDWFRDIC,0,0, ,6WD-136
6WD-137,Accretech Wafer Dicing,SDICING,AVAIL,SDWFRDIC,0,0, ,6WD-137
6WD-138,Accretech Wafer Dicing,SDICING,AVAIL,SDWFRDIC,0,0, ,6WD-138
6WD-139,Accretech Wafer Dicing,SDICING,AVAIL,SDWFRDIC,0,0, ,6WD-139
6WD-140,Accretech Wafer Dicing,SDICING,AVAIL,SDWFRDIC,0,0, ,6WD-140
6WD-141,Accretech Wafer Dicing,SDICING,AVAIL,SDWFRDIC,0,0, ,6WD-141
6WD-142,Accretech Wafer Dicing,SDICING,AVAIL,SDWFRDIC,0,0, ,6WD-142
6WD-143,Accretech Wafer Dicing,SDICING,AVAIL,SDWFRDIC,0,0, ,6WD-143
6WD-145,Full Cut Dicing,S3DICING,NOWIP,3WFRDICE,0,0, ,6WD-145
6WD-146,Accretech Wafer Dicing,SDICING,AVAIL,SDWFRDIC,0,0, ,6WD-146
6WD-147,Accretech Wafer Dicing,SDICING,AVAIL,SDWFRDIC,0,0, ,6WD-147
6WD-148,Accretech Wafer Dicing,SDICING,AVAIL,SDWFRDIC,0,0, ,6WD-148
6WD-150,Accretech Wafer Dicing,SDICING,AVAIL,SDWFRDIC,0,0, ,6WD-150
6WD-152,Full Cut Dicing,S3DICING,NOWIP,3WFRDICE,0,0, ,6WD-152
6WD-153,Full Cut Dicing,S3DICING,AVAIL,3WFRDICE,0,0, ,6WD-153
6WD-154,Full Cut Dicing,S3DICING,NOWIP,3WFRDICE,0,0, ,6WD-154
6WD-155,Full Cut Dicing,S3DICING,NOWIP,3WFRDICE,0,0, ,6WD-155
6WD-157,Full Cut Dicing,S3DICING,NOWIP,3WFRDICE,0,0, ,6WD-157
6WD-158,Full Cut Dicing,S3DICING,NOWIP,3WFRDICE,0,0, ,6WD-158
6WD-159,Accretech Wafer Dicing,SDICING,AVAIL,SDWFRDIC,0,0, ,6WD-159
6WD-16,Wafer Dicing,SDICING,NOWIP,SDWFRDIC,0,0, ,6WD-16
6WD-160,Accretech Wafer Dicing,SDICING,AVAIL,SDWFRDIC,0,0, ,6WD-160
6WD-161,Accretech Wafer Dicing,SDICING,AVAIL,SDWFRDIC,0,0, ,6WD-161
6WD-162,Accretech Wafer Dicing,SDICING,AVAIL,SDWFRDIC,0,0, ,6WD-162
6WD-163,Accretech Wafer Dicing,SDICING,AVAIL,SDWFRDIC,0,0, ,6WD-163
6WD-164,Accretech Wafer Dicing,SDICING,AVAIL,SDWFRDIC,0,0, ,6WD-164
6WD-165,Accretech Wafer Dicing,SDICING,AVAIL,SDWFRDIC,0,0, ,6WD-165
6WD-166,Accretech Wafer Dicing,SDICING,AVAIL,SDWFRDIC,0,0, ,6WD-166
6WD-167,Accretech Wafer Dicing,SDICING,AVAIL,SDWFRDIC,0,0, ,6WD-167
6WD-168,Accretech Wafer Dicing,SDICING,AVAIL,SDWFRDIC,0,0, ,6WD-168
6WD-169,Accretech Wafer Dicing,SDICING,AVAIL,SDWFRDIC,0,0, ,6WD-169
6WD-171,Accretech Wafer Dicing,SDICING,AVAIL,SDWFRDIC,0,0, ,6WD-171
6WD-172,Accretech Wafer Dicing,SDICING,AVAIL,SDWFRDIC,0,0, ,6WD-172
6WD-173,Accretech Wafer Dicing,SDICING,AVAIL,SDWFRDIC,0,0, ,6WD-173
6WD-26,Wafer Dicing,SDICING,NOWIP,SDWFRDIC,0,0, ,6WD-26
6WD-27,Wafer Dicing,SDICING,NOWIP,SDWFRDIC,0,0, ,6WD-27
6WD-41,Wafer Dicing,SDICING,NOWIP,SDWFRDIC,0,0, ,6WD-41
6WD-42,Wafer Dicing,SDICING,NOWIP,SDWFRDIC,0,0, ,6WD-42
6WD-43,Wafer Dicing,SDICING,AVAIL,SDWFRDIC,0,0, ,6WD-43
6WD-44,Wafer Dicing,SDICING,AVAIL,SDWFRDIC,0,0, ,6WD-44
6WD-45,Wafer Dicing,SDICING,AVAIL,SDWFRDIC,0,0, ,6WD-45
6WD-47,Wafer Dicing,SDICING,AVAIL,SDWFRDIC,0,0, ,6WD-47
6WD-48,Wafer Dicing,SDICING,AVAIL,SDWFRDIC,0,0, ,6WD-48
6WD-53,Wafer Dicing,SDICING,AVAIL,SDWFRDIC,0,0, ,6WD-53
6WD-54,Wafer Dicing,SDICING,AVAIL,SDWFRDIC,0,0, ,6WD-54
6WD-55,Wafer Dicing,S3DICING,NOWIP,3WFRDICE,0,0, ,6WD-55
6WD-56,Wafer Dicing,S3DICING,NOWIP,3WFRDICE,0,0, ,6WD-56
6WD-57,Wafer Dicing,S3DICING,NOWIP,3WFRDICE,0,0, ,6WD-57
6WD-60,Wafer Dicing,S3DICING,NOWIP,3WFRDICE,0,0, ,6WD-60
6WD-64,Full Cut Dicing,S3DICING,NOWIP,3WFRDICE,0,0, ,6WD-64
6WD-78,Accretech Wafer Dicing,SDICING,NOWIP,SDWFRDIC,0,0, ,6WD-78
6WD-79,Accretech Wafer Dicing,SDICING,AVAIL,SDWFRDIC,0,0, ,6WD-79
6WD-86,Accretech Wafer Dicing,SDICING,AVAIL,SDWFRDIC,0,0, ,6WD-86
6WD-87,Accretech Wafer Dicing,SDICING,AVAIL,SDWFRDIC,0,0, ,6WD-87
6WD-88,Accretech Wafer Dicing,SDICING,AVAIL,SDWFRDIC,0,0, ,6WD-88
6WD-89,Accretech Wafer Dicing,SDICING,AVAIL,SDWFRDIC,0,0, ,6WD-89
6WD-90,Wafer Dicing,SDICING,AVAIL,SDWFRDIC,0,0, ,6WD-90
6WD-91,Wafer Dicing,SDICING,AVAIL,SDWFRDIC,0,0, ,6WD-91
6WD-93,Accretech Wafer Dicing,SDICING,AVAIL,SDWFRDIC,0,0, ,6WD-93
6WD-94,Accretech Wafer Dicing,SDICING,AVAIL,SDWFRDIC,0,0, ,6WD-94
6WD-95,Accretech Wafer Dicing,SDICING,AVAIL,SDWFRDIC,0,0, ,6WD-95
6WD-96,Accretech Wafer Dicing,SDICING,AVAIL,SDWFRDIC,0,0, ,6WD-96
6WD-98,Accretech Wafer Dicing,SDICING,AVAIL,SDWFRDIC,0,0, ,6WD-98
6WD-99,Accretech Wafer Dicing,SDICING,AVAIL,SDWFRDIC,0,0, ,6WD-99
6WDT-02,BG Detaping machine,SDICING,AVAIL,SDETAPE,0,0, ,6WDT-02
6WM-04,Wafer Dicing Tape Mounting,SDICING,AVAIL,SDMOUNT,-1,0, ,6WM-04
6WM-07,Wafer Dicing Tape Mounting,SDICING,AVAIL,SDMOUNT,-1,0, ,6WM-07
6WM-08,Wafer Dicing Tape Mounting,SDICING,AVAIL,SDMOUNT,-1,0, ,6WM-08
AIS-DM,Automated Inspection Tool,SSOLDER,AVAIL,SLSCOPE,0,0, ,AIS-DM
BDUV-05,Dicing Tape Ultra Violet Exp,STEST,AVAIL,SUVCURE,0,0, ,BDUV-05
BDUV-06,Dicing Tape Ultra Violet Exp,STEST,AVAIL,SUVCURE,0,0, ,BDUV-06
BFI-112,Final Inspection,STEST,AVAIL,STFINTST,0,0, ,BFI-112
BFI-119,Final Inspection,STEST,NOWIP,STFINTST,0,0, ,BFI-119
BFI-120,Final Inspection,STEST,AVAIL,STFINTST,0,0, ,BFI-120
BFI-121,Final Inspection,STEST,AVAIL,STFINTST,0,0, ,BFI-121
BFI-122,Final Inspection,STEST,AVAIL,STFINTST,0,0, ,BFI-122
BFI-124,Final Inspection,STEST,NOWIP,STFINTST,0,0, ,BFI-124
BFI-125,Final Inspection,STEST,AVAIL,STFINTST,0,0, ,BFI-125
BFI-126,Final Inspection,STEST,NOWIP,STFINTST,0,0, ,BFI-126
BFI-21,Final Inspection,STEST,AVAIL,STFINTST,0,0, ,BFI-21
BFI-22,Final Inspection,STEST,NOWIP,STFINTST,0,0, ,BFI-22
BFI-23,Final Inspection,STEST,AVAIL,STFINTST,0,0, ,BFI-23
BFI-24,Final Inspection,STEST,NOWIP,STFINTST,0,0, ,BFI-24
BFI-25,Final Inspection,STEST,AVAIL,STFINTST,0,0, ,BFI-25
BFI-26,Final Inspection,STEST,NOWIP,STFINTST,0,0, ,BFI-26
BFI-27,Final Inspection,STEST,AVAIL,STFINTST,0,0, ,BFI-27
BFI-28,Final Inspection,STEST,NOWIP,STFINTST,0,0, ,BFI-28
BFI-30,Final Inspection,STEST,AVAIL,STFINTST,0,0, ,BFI-30
BFI-31,Final Inspection (Was AIR-14),STEST,AVAIL,STFINTST,0,0, ,BFI-31
BFI-33,Final Electrical Test (Eng.),STEST,NOWIP,STFINTST,0,0, ,BFI-33
BFI-34,Final Electrical Test (Eng.),STEST,AVAIL,STFINTST,0,0, ,BFI-34
BFI-35,Final Electrical Test (Eng.),STEST,AVAIL,STFINTST,0,0, ,BFI-35
BFI-37,Final Electrical Test (Eng.),STEST,NOWIP,STFINTST,0,0, ,BFI-37
BFI-38,Final Electrical Test (Eng.),STEST,AVAIL,STFINTST,0,0, ,BFI-38
BFI-40,Final Electrical Test (Eng.),STEST,AVAIL,STFINTST,0,0, ,BFI-40
BFI-41,Final Electrical Test (Eng.),STEST,AVAIL,STFINTST,0,0, ,BFI-41
BFI-47,Final Electrical Test (Eng.),STEST,AVAIL,STFINTST,0,0, ,BFI-47
BFI-48,Final Electrical Test (Eng.),STEST,AVAIL,STFINTST,0,0, ,BFI-48
BFI-49,Final Inspection,STEST,AVAIL,STFINTST,0,0, ,BFI-49
BFI-50,Final Inspection,STEST,AVAIL,STFINTST,0,0, ,BFI-50
BFI-51,Final Inspection,STEST,AVAIL,STFINTST,0,0, ,BFI-51
BFI-52,Final Inspection,STEST,AVAIL,STFINTST,0,0, ,BFI-52
BFI-53,Final Inspection,STEST,AVAIL,STFINTST,0,0, ,BFI-53
BFI-54,Final Inspection,STEST,AVAIL,STFINTST,0,0, ,BFI-54
BFI-55,Final Inspection,STEST,AVAIL,STFINTST,0,0, ,BFI-55
BFI-56,Final Inspection,STEST,NOWIP,STFINTST,0,0, ,BFI-56
BFI-57,Final Inspection,STEST,AVAIL,STFINTST,0,0, ,BFI-57
BFI-59,Final Electrical Test (Eng.),STEST,AVAIL,STFINTST,0,0, ,BFI-59
BFI-60,Final Inspection,STEST,AVAIL,STFINTST,0,0, ,BFI-60
BFI-61,Final Inspection,STEST,AVAIL,STFINTST,0,0, ,BFI-61
BFI-62,Final Inspection,STEST,AVAIL,STFINTST,0,0, ,BFI-62
BFI-63,Final Inspection,STEST,AVAIL,STFINTST,0,0, ,BFI-63
BFI-64,Final Inspection,STEST,AVAIL,STFINTST,0,0, ,BFI-64
BFI-66,Final Inspection,STEST,AVAIL,STFINTST,0,0, ,BFI-66
BFI-67,Final Inspection,STEST,NOWIP,STFINTST,0,0, ,BFI-67
BFI-68,Final Inspection,STEST,NOWIP,STFINTST,0,0, ,BFI-68
BFI-69,Final Inspection,STEST,AVAIL,STFINTST,0,0, ,BFI-69
BFI-72,Final Inspection (Was AFI-72),STEST,AVAIL,STFINTST,0,0, ,BFI-72
BFI-73,Final Inspection,STEST,AVAIL,STFINTST,0,0, ,BFI-73
BFI-75,Final Inspection (Was AIR-30),STEST,AVAIL,STFINTST,0,0, ,BFI-75
BFI-76,Final Inspection (Was AIR-28),STEST,AVAIL,STFINTST,0,0, ,BFI-76
BFI-77,Final Inspection,STEST,AVAIL,STFINTST,0,0, ,BFI-77
BFI-83,Final Inspection,STEST,AVAIL,STFINTST,0,0, ,BFI-83
BPF-02,Peel Force Tester,STEST,AVAIL,SPEELFRC,0,0, ,BPF-02
BPF-04,Peel Force Tester,STEST,AVAIL,SPEELFRC,0,0, ,BPF-04
BVI-136,ASM Visual Inspection Machine,STEST,AVAIL,STINSTP,0,0, ,BVI-136
BVI-138,Visual Inspection Machine,STEST,AVAIL,STINSTP,0,0, ,BVI-138
BVI-139,Visual Inspection Machine,STEST,AVAIL,STINSTP,0,0, ,BVI-139
BVI-140,Visual Inspection Machine,STEST,NOWIP,STINSTP,0,0, ,BVI-140
BVI-142,Visual Inspection,STEST,AVAIL,STINSTP,0,0, ,BVI-142
BVI-143,Visual Inspection,STEST,AVAIL,STINSTP,0,0, ,BVI-143
BVI-144,Visual Inspection,STEST,AVAIL,STINSTP,0,0, ,BVI-144
BVI-145,Visual Inspection,STEST,AVAIL,STINSTP,0,0, ,BVI-145
BVI-146,Visual Inspection,STEST,AVAIL,STINSTP,0,0, ,BVI-146
BVI-147,Visual Inspection,STEST,AVAIL,STINSTP,0,0, ,BVI-147
BVI-148,Visual Inspection,STEST,NOWIP,STINSTP,0,0, ,BVI-148
BVI-158,STI TSORT VI,STEST,AVAIL,STINSTP,0,0, ,BVI-158
BVI-26,Visual Inspection,STEST,NOWIP,STINSTP,0,0, ,BVI-26
BVI-34,Visual Inspection,STEST,NOWIP,STINSTP,0,0, ,BVI-34
BVI-35,Visual Inspection,STEST,AVAIL,STINSTP,0,0, ,BVI-35
BVI-36,Visual Inspection,STEST,NOWIP,STINSTP,0,0, ,BVI-36
BVI-37,Visual Inspection,STEST,NOWIP,STINSTP,0,0, ,BVI-37
BVI-38,Visual Inspection,STEST,AVAIL,STINSTP,0,0, ,BVI-38
BVI-39,Visual Inspection,STEST,NOWIP,STINSTP,0,0, ,BVI-39
BVI-40,Visual Inspection,STEST,NOWIP,STINSTP,0,0, ,BVI-40
BVI-42,Visual Inspection,STEST,AVAIL,STINSTP,0,0, ,BVI-42
BVI-44,Visual Inspection,STEST,AVAIL,STINSTP,0,0, ,BVI-44
BVI-45,Visual Inspection,STEST,AVAIL,STINSTP,0,0, ,BVI-45
BVI-46,Visual Inspection,STEST,NOWIP,STINSTP,0,0, ,BVI-46
BVI-47,Visual Inspection,STEST,NOWIP,STINSTP,0,0, ,BVI-47
BVI-48,Visual Inspection,STEST,NOWIP,STINSTP,0,0, ,BVI-48
BVI-50,Visual Inspection,STEST,NOWIP,STINSTP,0,0, ,BVI-50
BVI-55,Visual Inspection,STEST,AVAIL,STINSTP,0,0, ,BVI-55
BVI-56,Visual Inspection,STEST,AVAIL,STINSTP,0,0, ,BVI-56
BVI-57,Visual Inspection,STEST,AVAIL,STINSTP,0,0, ,BVI-57
BVI-58,Visual Inspection,STEST,AVAIL,STINSTP,0,0, ,BVI-58
BVI-59,Visual Inspection,STEST,NOWIP,STINSTP,0,0, ,BVI-59
BVI-60,Visual Inspection,STEST,AVAIL,STINSTP,0,0, ,BVI-60
BVI-61,Visual Inspection,STEST,AVAIL,STINSTP,0,0, ,BVI-61
BVI-62,Visual Inspection,STEST,AVAIL,STINSTP,0,0, ,BVI-62
BVI-63,Visual Inspection,STEST,NOWIP,STINSTP,0,0, ,BVI-63
BVI-64,Visual Inspection,STEST,AVAIL,STINSTP,0,0, ,BVI-64
BVI-65,Visual Inspection,STEST,NOWIP,STINSTP,0,0, ,BVI-65
BVI-67,Visual Inspection,STEST,AVAIL,STINSTP,0,0, ,BVI-67
BVI-68,Visual Inspection,STEST,AVAIL,STINSTP,0,0, ,BVI-68
BVI-71,Visual Inspection,STEST,AVAIL,STINSTP,0,0, ,BVI-71
BVI-75,Visual Inspection,STEST,NOWIP,STINSTP,0,0, ,BVI-75
BVI-76,Visual Inspection,STEST,AVAIL,STINSTP,0,0, ,BVI-76
BVI-78,Visual Inspection,STEST,AVAIL,STINSTP,0,0, ,BVI-78
BVI-79,Visual Inspection,STEST,AVAIL,STINSTP,0,0, ,BVI-79
BVI-80,Visual Inspection,STEST,AVAIL,STINSTP,0,0, ,BVI-80
BVI-81,Visual Inspection,STEST,AVAIL,STINSTP,0,0, ,BVI-81
BVI-82,Visual Inspection,STEST,AVAIL,STINSTP,0,0, ,BVI-82
BVI-83,Visual Inspection,STEST,NOWIP,STINSTP,0,0, ,BVI-83
BVI-85,Visual Inspection,STEST,NOWIP,STINSTP,0,0, ,BVI-85
BVI-86,Visual Inspection,STEST,NOWIP,STINSTP,0,0, ,BVI-86
BVI-87,Visual Inspection,STEST,NOWIP,STINSTP,0,0, ,BVI-87
BVI-88,Visual Inspection,STEST,NOWIP,STINSTP,0,0, ,BVI-88
BVI-89,Visual Inspection,STEST,NOWIP,STINSTP,0,0, ,BVI-89
BVI-90,Visual Inspection,STEST,NOWIP,VIRWK,0,0, ,BVI-90
BVI-91,Visual Inspection,STEST,NOWIP,VIRWK,0,0, ,BVI-91
CDUV-09,UV Irradiation and Detape,S3TEST,AVAIL,3DUV,0,0, ,CDUV-09
IN-DM,Visual Inspection Dummy,SGRIND,AVAIL,SLSCOPE,0,0, ,IN-DM
IR2R-1,Post Seal Inspection Machine,SPACK,AVAIL,SREPLACE,0,0, ,IR2R-1
IR2R-2,Post Seal Inspection Machine,SPACK,AVAIL,SREPLACE,0,0, ,IR2R-2
IR2R-4,Post Seal Inspection Machine,SPACK,AVAIL,SREPLACE,0,0, ,IR2R-4
CVI-102,Visual Inspection,S3TEST,NOWIP,3TINSTP,0,0, ,CVI-102
CVI-103,Visual Inspection,S3TEST,NOWIP,3TINSTP,0,0, ,CVI-103
CVI-106,Visual Inspection,S3TEST,AVAIL,3TINSTP,0,0, ,CVI-106
CVI-107,Visual Inspection,S3TEST,NOWIP,3TINSTP,0,0, ,CVI-107
CVI-108,Visual Inspection,S3TEST,NOWIP,3TINSTP,0,0, ,CVI-108
CVI-110,Visual Inspection,S3TEST,NOWIP,3TINSTP,0,0, ,CVI-110
CVI-111,Visual Inspection,S3TEST,NOWIP,3TINSTP,0,0, ,CVI-111
CVI-112,Visual Inspection,S3TEST,NOWIP,3TINSTP,0,0, ,CVI-112
CVI-113,Visual Inspection,S3TEST,AVAIL,3TINSTP,0,0, ,CVI-113
CVI-114,Visual Inspection,S3TEST,AVAIL,3TINSTP,0,0, ,CVI-114
CVI-115,Visual Inspection,S3TEST,NOWIP,3TINSTP,0,0, ,CVI-115
CVI-118,Visual Inspection,S3TEST,NOWIP,3TINSTP,0,0, ,CVI-118
CVI-119,Visual Inspection,S3TEST,NOWIP,3TINSTP,0,0, ,CVI-119
CVI-121,Visual Inspection,S3TEST,NOWIP,3VIRWK,0,0, ,CVI-121
CVI-122,Visual Inspection,S3TEST,NOWIP,3TINSTP,0,0, ,CVI-122
CVI-123,Visual Inspection,S3TEST,AVAIL,3TINSTP,0,0, ,CVI-123
CVI-124,Visual Inspection,S3TEST,NOWIP,3TINSTP,0,0, ,CVI-124
CVI-125,Visual Inspection,S3TEST,NOWIP,3TINSTP,0,0, ,CVI-125
CVI-126,Visual Inspection,S3TEST,NOWIP,3TINSTP,0,0, ,CVI-126
CVI-127,Visual Inspection,S3TEST,NOWIP,3TINSTP,0,0, ,CVI-127
CVI-129,Visual Inspection,S3TEST,NOWIP,3TINSTP,0,0, ,CVI-129
CVI-130,Visual Inspection,S3TEST,NOWIP,3TINSTP,0,0, ,CVI-130
CVI-132,Visual Inspection,S3TEST,AVAIL,3TINSTP,0,0, ,CVI-132
CVI-133,Visual Inspection,S3TEST,AVAIL,3TINSTP,0,0, ,CVI-133
CVI-134,Visual Inspection,S3TEST,NOWIP,3TINSTP,0,0, ,CVI-134
CVI-149,Visual Inspection,S3TEST,NOWIP,3TINSTP,0,0, ,CVI-149
CVI-150,Visual Inspection,S3TEST,AVAIL,3TINSTP,0,0, ,CVI-150
CVI-152,Visual Inspection,S3TEST,AVAIL,3TINSTP,0,0, ,CVI-152
CVI-153,Visual Inspection,S3TEST,NOWIP,3TINSTP,0,0, ,CVI-153
CVI-154,Visual Inspection,S3TEST,NOWIP,3TINSTP,0,0, ,CVI-154
CVI-156,Visual Inspection,S3TEST,NOWIP,3TINSTP,0,0, ,CVI-156
CVI-157,Visual Inspection,S3TEST,AVAIL,3TINSTP,0,0, ,CVI-157
CVI-72,Visual Inspection,S3TEST,AVAIL,3TINSTP,0,0, ,CVI-72
CVI-73,Visual Inspection,S3TEST,AVAIL,3TINSTP,0,0, ,CVI-73
CVI-90,Detaper Tool for BAW,S3TEST,NOWIP,3VIRWK,0,0, ,CVI-90
CVI-95,Visual Inspection,S3TEST,NOWIP,3TINSTP,0,0, ,CVI-95
DTP-01,Edelteq Reel 2 Reel Inspection,STEST,AVAIL,VIRWK,0,0, ,DTP-01
DUMREP01,Dummy Manual Rwk @ Replacement,STEST,AVAIL,VIRWK,0,0, ,DUMREP01
FFAC1,FormFactor Tool,SPACK,AVAIL,SPSTTST,0,0, ,FFAC1
FI-117,Accretech,S3PACK,AVAIL,ORT-ACC,0,0, , 
FI-137,Accretech,S3PACK,AVAIL,ORT-ACC,0,0, , 
FI-139,Accretech,S3PACK,AVAIL,ORT-ACC,0,0, , 
FI-150,Accretech,S3PACK,AVAIL,ORT-ACC,0,0, , 
FI-78,Accretech,S3PACK,AVAIL,ORT-ACC,0,0, , 
HAST-1,Hast machine,S3PACK,AVAIL,ORT-HAST,0,0, , 
HAST-2,Hast machine,S3PACK,AVAIL,ORT-HAST,0,0, , 
SADS-01,Dummy CR3 (Die Separator),SDICING,AVAIL,SDWFRDIC,0,0, ,SADS-01
SAMORT1,Dummy machine for ORT samples,STEST,AVAIL,DUMSAM,0,0, ,SAMORT1
SBIN,BINNING Step,STEST,AVAIL,SBIN,0,0, ,SBIN
SBIN2,Singapore Bin2 Hold Step,STEST,AVAIL,SBIN2,0,0, ,SBIN2
SCASCHG,Dummy machine for Cassette cha,SPHOTO,AVAIL,CASSETTE,0,0, ,SCASCHG
M1,QC Sampling Test (SIGLOT AUTO),SPACK,AVAIL,SQCSAM,0,0, ,M1
MUST1,MUST Auto Tool,SPACK,AVAIL,SPSTTST,0,0, ,MUST1
MUST2,MUST Auto Tool,SPACK,AVAIL,SPSTTST,0,0, ,MUST2
N1,QC Sampling Test,SPACK,AVAIL,SQCSAM,0,0, ,N1
N2,QC Sampling Test,SPACK,AVAIL,SQCSAM,0,0, ,N2
ORTMAN-1,QC,S3PACK,AVAIL,ORT-MAN,0,0, , 
REFLOW-1,Reflow oven,S3PACK,AVAIL,ORT-REF,0,0, , 
RFIDPAR1,Dummy for RFID Pairing (Wafer),S3GRIND,AVAIL,RFIDPARW,0,0, ,RFIDPAR1
SNE-02,Dummy CR3 (Inspection),SDICING,AVAIL,SCHECK,0,0, ,SNE-02
SOQCW,Outgoing QC-Wafer,SPACK,AVAIL,SPACKMAN,0,0, ,SOQCW
SPACKW,Packing -Wafer,SPACK,AVAIL,SPACKMAN,0,0, ,SPACKW
VS-02,Vacuum Sealer,SPACK,AVAIL,SVACSEAL,0,0, ,VS-02
VS-03,Vacuum Sealer,SPACK,AVAIL,SVACSEAL,0,0, ,VS-03
VS-04,Vacuum Sealer,SPACK,AVAIL,SVACSEAL,0,0, ,VS-04
VS-05,Vacuum Sealer,SPACK,AVAIL,SVACSEAL,0,0, ,VS-05
WEIGH02,Dummy Weighing Machine,SSOLDER,AVAIL,SWEIGHT,0,0, ,WEIGH02
WEIGH04,Dummy Weighing Machine,SSOLDER,AVAIL,SWEIGHT,0,0, ,WEIGH04
SREP1,Manual replacement process,SPACK,AVAIL,SREPLACE,0,0, ,SREP1
SREP2,Manual replacement process,SPACK,AVAIL,SREPLACE,0,0, ,SREP2
SREP3,Manual replacement process,SPACK,AVAIL,SREPLACE,0,0, ,SREP3
SREP4,Manual replacement process,SPACK,AVAIL,SREPLACE,0,0, ,SREP4
SREP5,Manual replacement process,SPACK,AVAIL,SREPLACE,0,0, ,SREP5
SREP6,Manual replacement process,SPACK,AVAIL,SREPLACE,0,0, ,SREP6
SRWKRCP1,Rework recipe selection,SPHOTO,AVAIL,SRWKRCP,0,0, ,SRWKRCP1
SWE-INK,Manual E-inking,STEST,AVAIL,SE-INK,0,0, ,SWE-INK
SWM-14,Dummy CR5 (Mounting/Detape),SDICING,AVAIL,SDMOUNT,0,0, ,SWM-14
SWSD-04,Dummy CR5 (Dicing),SDICING,AVAIL,SDWFRDIC,0,0, ,SWSD-04
TC-1,TC machine,S3PACK,AVAIL,ORT-TC,0,0, , 
TC-2,TC machine,S3PACK,AVAIL,ORT-TC,0,0, , 
TPTM1,After Tape Mount Timer,SDICING,AVAIL,STPTIMER,0,0, ,TPTM1
TPTM2,Staging After Roof Exposure,SPHOTO,AVAIL,STPTIMER,0,0, ,TPTM2
SFI-131,Dummy CR3 (FI),STEST,AVAIL,STFINTST,0,0, ,SFI-131
SFI-99,Dummy CR3 (FI),STEST,AVAIL,STFINTST,0,0, ,SFI-99
SLABEL01,Dummy CR3 (Label),SDICING,AVAIL,SDLABEL,0,0, ,SLABEL01
SMAN2,Singapore packing process,SPACK,AVAIL,SPACKMAN,0,0, ,SMAN2
SMOVE01,Transit to Next Stage,SPHOTO,AVAIL,SDUMSTEP,0,0, ,SMOVE01
SMOVE02,Dummy machine (UV curing),STEST,AVAIL,SUVCURE,0,0, ,SMOVE02
SMOVE03,Dummy machine (Reel Wafer ID),STEST,AVAIL,SDUMSTEP,0,0, ,SMOVE03
SMOVE04,Dummy step for PS lot,SPACK,AVAIL,SDUMSTEP,0,0, ,SMOVE04
SMOVE05,Dummy Step for Tool Selection,SSOLDER,AVAIL,SDUMSTEP,0,0, ,SMOVE05
SMOVE06,Dummy eqpt to scrap reject lot,STEST,AVAIL,SDUMSTEP,0,0, , 
SMOVEC1,Dummy machine Lot to Chai Chee,SDICING,AVAIL,SDUMSTEP,0,0, ,SMOVEC1
SMOVEC2,Dummy Tool to ChaiChee (Wafer),SDICING,AVAIL,SDUMSTEP,0,0, ,SMOVEC2
